asin,name,brand,price,ratings,image,srcset,url
B07PMDMZ2X,Onlmay S/S Dress Noos Vestido para Mujer,Only,"12,99 €","4,3 de 5 estrellas",https://m.media-amazon.com/images/I/71MKB6amBpL._AC_UL320_.jpg,"https://m.media-amazon.com/images/I/71MKB6amBpL._AC_UL320_.jpg 1x, https://m.media-amazon.com/images/I/71MKB6amBpL._AC_UL480_QL65_.jpg 1.5x, https://m.media-amazon.com/images/I/71MKB6amBpL._AC_UL640_QL65_.jpg 2x, https://m.media-amazon.com/images/I/71MKB6amBpL._AC_UL800_QL65_.jpg 2.5x, https://m.media-amazon.com/images/I/71MKB6amBpL._AC_UL960_QL65_.jpg 3x",/ONLY-NOS-Onlmay-Dress-Vestido/dp/B07PMDMZ2X/ref=sr_1_1?dchild=1&qid=1593188323&s=apparel&sr=1-1
B089NZPP43,Vestidos Mujer Casual Playa Largos Verano Tie Dye Vestido Boho Hendidura Falda Larga Maxi Vestido Playeros,Zilcremo,"11,99 €","3,6 de 5 estrellas",https://m.media-amazon.com/images/I/61CLCjlR3wL._AC_UL320_.jpg,"https://m.media-amazon.com/images/I/61CLCjlR3wL._AC_UL320_.jpg 1x, https://m.media-amazon.com/images/I/61CLCjlR3wL._AC_UL480_QL65_.jpg 1.5x, https://m.media-amazon.com/images/I/61CLCjlR3wL._AC_UL640_QL65_.jpg 2x, https://m.media-amazon.com/images/I/61CLCjlR3wL._AC_UL800_QL65_.jpg 2.5x, https://m.media-amazon.com/images/I/61CLCjlR3wL._AC_UL960_QL65_.jpg 3x",/Vestidos-Vestido-Hendidura-Playeros-Bluetiedye/dp/B089NZPP43/ref=sr_1_2?dchild=1&qid=1593188323&s=apparel&sr=1-2
B0847SR5G2,Vestido Mujer Bohemio Largo Verano Playa Fiesta Floral Manga Corta Cuello en V Talla Split Wrap Maxi Vestidos,Zilcremo,"8,99 €","3,3 de 5 estrellas",https://m.media-amazon.com/images/I/71Ow4YE6SmL._AC_UL320_.jpg,"https://m.media-amazon.com/images/I/71Ow4YE6SmL._AC_UL320_.jpg 1x, https://m.media-amazon.com/images/I/71Ow4YE6SmL._AC_UL480_QL65_.jpg 1.5x, https://m.media-amazon.com/images/I/71Ow4YE6SmL._AC_UL640_QL65_.jpg 2x, https://m.media-amazon.com/images/I/71Ow4YE6SmL._AC_UL800_QL65_.jpg 2.5x, https://m.media-amazon.com/images/I/71Ow4YE6SmL._AC_UL960_QL65_.jpg 3x",/Mujeres-Verano-Bohemio-Vestido-Vestidos/dp/B0847SR5G2/ref=sr_1_3?dchild=1&qid=1593188323&s=apparel&sr=1-3
B07R8D252M,Vestidos Mujer de Camiseta Suelto Casual Cuello Redondo Ocasional Sólida Mini Vestido,YOUCHAN,"14,99 €","4,1 de 5 estrellas",https://m.media-amazon.com/images/I/5114H+WwtQL._AC_UL320_.jpg,"https://m.media-amazon.com/images/I/5114H+WwtQL._AC_UL320_.jpg 1x, https://m.media-amazon.com/images/I/5114H+WwtQL._AC_UL480_QL65_.jpg 1.5x, https://m.media-amazon.com/images/I/5114H+WwtQL._AC_UL640_QL65_.jpg 2x, https://m.media-amazon.com/images/I/5114H+WwtQL._AC_UL800_QL65_.jpg 2.5x, https://m.media-amazon.com/images/I/5114H+WwtQL._AC_UL960_QL65_.jpg 3x",/YOUCHAN-Vestidos-Camiseta-Ocasional-Vestido_Ejercito/dp/B07R8D252M/ref=sr_1_4?dchild=1&qid=1593188323&s=apparel&sr=1-4
B07Q9JJQ4M,Mujer Vestido Bohemio Corto Florales Nacional Verano Vestido Casual Magas Cortas Chic de Noche Playa Vacaciones,Abravo,"15,89 €","3,5 de 5 estrellas",https://m.media-amazon.com/images/I/718b0PYbmfL._AC_UL320_.jpg,"https://m.media-amazon.com/images/I/718b0PYbmfL._AC_UL320_.jpg 1x, https://m.media-amazon.com/images/I/718b0PYbmfL._AC_UL480_QL65_.jpg 1.5x, https://m.media-amazon.com/images/I/718b0PYbmfL._AC_UL640_QL65_.jpg 2x, https://m.media-amazon.com/images/I/718b0PYbmfL._AC_UL800_QL65_.jpg 2.5x, https://m.media-amazon.com/images/I/718b0PYbmfL._AC_UL960_QL65_.jpg 3x",/Abravo-Vestido-Florales-Nacional-Vacaciones/dp/B07Q9JJQ4M/ref=sr_1_5?dchild=1&qid=1593188323&s=apparel&sr=1-5
B07C4RKXBG,Mujer Vestido Elegante Casual Dress Cuello V Sin Manga Playa Tirantes Bolsillos Punto Falda Larga,ACHIOOWA,"19,99 €","3,7 de 5 estrellas",https://m.media-amazon.com/images/I/51ZHJVEChEL._AC_UL320_.jpg,"https://m.media-amazon.com/images/I/51ZHJVEChEL._AC_UL320_.jpg 1x, https://m.media-amazon.com/images/I/51ZHJVEChEL._AC_UL480_QL65_.jpg 1.5x, https://m.media-amazon.com/images/I/51ZHJVEChEL._AC_UL640_QL65_.jpg 2x, https://m.media-amazon.com/images/I/51ZHJVEChEL._AC_UL800_QL65_.jpg 2.5x, https://m.media-amazon.com/images/I/51ZHJVEChEL._AC_UL960_QL65_.jpg 3x",/ACHIOOWA-Vestido-Elegante-Bolsillo-Oversize/dp/B07C4RKXBG/ref=sr_1_6?dchild=1&qid=1593188323&s=apparel&sr=1-6
B07RQQFNYN,Vestido para Mujer Boho Mujer Verano sin Mangas Beach Printed Mini Vestido Corto,SEMIR,"15,99 €","3,9 de 5 estrellas",https://m.media-amazon.com/images/I/61X7ChzOn6L._AC_UL320_.jpg,"https://m.media-amazon.com/images/I/61X7ChzOn6L._AC_UL320_.jpg 1x, https://m.media-amazon.com/images/I/61X7ChzOn6L._AC_UL480_QL65_.jpg 1.5x, https://m.media-amazon.com/images/I/61X7ChzOn6L._AC_UL640_QL65_.jpg 2x, https://m.media-amazon.com/images/I/61X7ChzOn6L._AC_UL800_QL65_.jpg 2.5x, https://m.media-amazon.com/images/I/61X7ChzOn6L._AC_UL960_QL65_.jpg 3x",/Vestido-Verano-Mangas-Printed-Blanco/dp/B07RQQFNYN/ref=sr_1_7?dchild=1&qid=1593188323&s=apparel&sr=1-7
B07V6JKFDB,Vestidos Mujer Verano Casual de Camiseta Suelto Cuello Redondo Basico Color Sólida Multifuncional Vestido,Falechay,"16,99 €","3,6 de 5 estrellas",https://m.media-amazon.com/images/I/51iwe4X9UYL._AC_UL320_.jpg,"https://m.media-amazon.com/images/I/51iwe4X9UYL._AC_UL320_.jpg 1x, https://m.media-amazon.com/images/I/51iwe4X9UYL._AC_UL480_QL65_.jpg 1.5x, https://m.media-amazon.com/images/I/51iwe4X9UYL._AC_UL640_QL65_.jpg 2x, https://m.media-amazon.com/images/I/51iwe4X9UYL._AC_UL800_QL65_.jpg 2.5x, https://m.media-amazon.com/images/I/51iwe4X9UYL._AC_UL960_QL65_.jpg 3x",/Falechay-Vestidos-Camiseta-Multifuncional-Negro-XL/dp/B07V6JKFDB/ref=sr_1_8?dchild=1&qid=1593188323&s=apparel&sr=1-8
B085SML1T8,Onlmay Life S/S Dress Noos Vestido para Mujer,Only,"13,31 €","4,5 de 5 estrellas",https://m.media-amazon.com/images/I/71I3uePugiL._AC_UL320_.jpg,"https://m.media-amazon.com/images/I/71I3uePugiL._AC_UL320_.jpg 1x, https://m.media-amazon.com/images/I/71I3uePugiL._AC_UL480_QL65_.jpg 1.5x, https://m.media-amazon.com/images/I/71I3uePugiL._AC_UL640_QL65_.jpg 2x, https://m.media-amazon.com/images/I/71I3uePugiL._AC_UL800_QL65_.jpg 2.5x, https://m.media-amazon.com/images/I/71I3uePugiL._AC_UL960_QL65_.jpg 3x",/Only-Onlmay-Vestido-Casual-Mojito/dp/B085SML1T8/ref=sr_1_9?dchild=1&qid=1593188323&s=apparel&sr=1-9
B07TWPXDKP,Camisón sin Mangas para Mujer Algodon Vestido Verano Playa Casuales Camisón,Abollria,"20,99 €","4,3 de 5 estrellas",https://m.media-amazon.com/images/I/61wJc2p5QAL._AC_UL320_.jpg,"https://m.media-amazon.com/images/I/61wJc2p5QAL._AC_UL320_.jpg 1x, https://m.media-amazon.com/images/I/61wJc2p5QAL._AC_UL480_QL65_.jpg 1.5x, https://m.media-amazon.com/images/I/61wJc2p5QAL._AC_UL640_QL65_.jpg 2x, https://m.media-amazon.com/images/I/61wJc2p5QAL._AC_UL800_QL65_.jpg 2.5x, https://m.media-amazon.com/images/I/61wJc2p5QAL._AC_UL960_QL65_.jpg 3x",/Abollria-Camis%C3%B3n-Algodon-Vestido-Casuales/dp/B07TWPXDKP/ref=sr_1_10?dchild=1&qid=1593188323&s=apparel&sr=1-10
B07JYB985T,Marca Amazon - 28 Palms – Vestido largo con estampado hawaiano tropical con hombros descubiertos para mujer,28 Palms,"19,60 €","4,2 de 5 estrellas",https://m.media-amazon.com/images/I/71aT5OwesEL._AC_UL320_.jpg,"https://m.media-amazon.com/images/I/71aT5OwesEL._AC_UL320_.jpg 1x, https://m.media-amazon.com/images/I/71aT5OwesEL._AC_UL480_QL65_.jpg 1.5x, https://m.media-amazon.com/images/I/71aT5OwesEL._AC_UL640_QL65_.jpg 2x, https://m.media-amazon.com/images/I/71aT5OwesEL._AC_UL800_QL65_.jpg 2.5x, https://m.media-amazon.com/images/I/71aT5OwesEL._AC_UL960_QL65_.jpg 3x",/28-Palms-Shoulder-Dress-Coral/dp/B07JYB985T/ref=sr_1_11?dchild=1&qid=1593188323&s=apparel&sr=1-11
B07YGPY9TM,Short-Sleeve V-Neck Swing Dress - Dresses Mujer,Amazon Essentials,"22,00 €","4,5 de 5 estrellas",https://m.media-amazon.com/images/I/81KCO1wk5KL._AC_UL320_.jpg,"https://m.media-amazon.com/images/I/81KCO1wk5KL._AC_UL320_.jpg 1x, https://m.media-amazon.com/images/I/81KCO1wk5KL._AC_UL480_QL65_.jpg 1.5x, https://m.media-amazon.com/images/I/81KCO1wk5KL._AC_UL640_QL65_.jpg 2x, https://m.media-amazon.com/images/I/81KCO1wk5KL._AC_UL800_QL65_.jpg 2.5x, https://m.media-amazon.com/images/I/81KCO1wk5KL._AC_UL960_QL65_.jpg 3x",/Amazon-Essentials-Vestido-Columpio-Dresses/dp/B07YGPY9TM/ref=sr_1_12?dchild=1&qid=1593188323&s=apparel&sr=1-12
B07TZG3GJG,Vestidos Mujer Suelto Casual de la Camiseta Cuello Redondo Vestido,Farchat,"14,99 €","3,9 de 5 estrellas",https://m.media-amazon.com/images/I/51k1OntlpCL._AC_UL320_.jpg,"https://m.media-amazon.com/images/I/51k1OntlpCL._AC_UL320_.jpg 1x, https://m.media-amazon.com/images/I/51k1OntlpCL._AC_UL480_QL65_.jpg 1.5x, https://m.media-amazon.com/images/I/51k1OntlpCL._AC_UL640_QL65_.jpg 2x, https://m.media-amazon.com/images/I/51k1OntlpCL._AC_UL800_QL65_.jpg 2.5x, https://m.media-amazon.com/images/I/51k1OntlpCL._AC_UL960_QL65_.jpg 3x",/Farchat-Vestidos-Camiseta-Redondo-Vestido/dp/B07TZG3GJG/ref=sr_1_13?dchild=1&qid=1593188323&s=apparel&sr=1-13
B07VGPG82Y,YGbuy-Gradiente De Color De Las Mujeres De Manga Corta con Cuello En V Temperamento Vestido Elegante Falda Larga Vestidos Verano NiñA CóCtel De Las Mujeres De Boho del,YGbuy-Vestido de las señoras,"14,51 €","2,4 de 5 estrellas",https://m.media-amazon.com/images/I/51ML5RcOcwL._AC_UL320_.jpg,"https://m.media-amazon.com/images/I/51ML5RcOcwL._AC_UL320_.jpg 1x, https://m.media-amazon.com/images/I/51ML5RcOcwL._AC_UL480_QL65_.jpg 1.5x, https://m.media-amazon.com/images/I/51ML5RcOcwL._AC_UL640_QL65_.jpg 2x, https://m.media-amazon.com/images/I/51ML5RcOcwL._AC_UL800_QL65_.jpg 2.5x, https://m.media-amazon.com/images/I/51ML5RcOcwL._AC_UL960_QL65_.jpg 3x",/YGbuy-Gradiente-Mujeres-Temperamento-Elegante-Vestidos/dp/B07VGPG82Y/ref=sr_1_14?dchild=1&qid=1593188323&s=apparel&sr=1-14
B07RD3PRC6,Vestido Largo para Mujer Vestido de Playa para Mujer Sexy Vestido de Playa con Boho con Cuello en V Falda de Playa,ZANZEA,"22,99 €","3,9 de 5 estrellas",https://m.media-amazon.com/images/I/61nVOvshJbL._AC_UL320_.jpg,"https://m.media-amazon.com/images/I/61nVOvshJbL._AC_UL320_.jpg 1x, https://m.media-amazon.com/images/I/61nVOvshJbL._AC_UL480_QL65_.jpg 1.5x, https://m.media-amazon.com/images/I/61nVOvshJbL._AC_UL640_QL65_.jpg 2x, https://m.media-amazon.com/images/I/61nVOvshJbL._AC_UL800_QL65_.jpg 2.5x, https://m.media-amazon.com/images/I/61nVOvshJbL._AC_UL960_QL65_.jpg 3x",/ZANZEA-Vestido-Estampado-Vestidos-Casuales/dp/B07RD3PRC6/ref=sr_1_15?dchild=1&qid=1593188323&s=apparel&sr=1-15
B07F1MKRC2,"Vestidos Mujer Algodón Verano,Vestidos de Playa sin Mangas Falda Largo Sexy Elegante y Comodo Dress para Playa Casual Caminar Diario Compras",Aibrou,"20,99 €","4,1 de 5 estrellas",https://m.media-amazon.com/images/I/71PW601bz1L._AC_UL320_.jpg,"https://m.media-amazon.com/images/I/71PW601bz1L._AC_UL320_.jpg 1x, https://m.media-amazon.com/images/I/71PW601bz1L._AC_UL480_QL65_.jpg 1.5x, https://m.media-amazon.com/images/I/71PW601bz1L._AC_UL640_QL65_.jpg 2x, https://m.media-amazon.com/images/I/71PW601bz1L._AC_UL800_QL65_.jpg 2.5x, https://m.media-amazon.com/images/I/71PW601bz1L._AC_UL960_QL65_.jpg 3x",/Aibrou-Kimono-Camison-Algodon-Agradable/dp/B07F1MKRC2/ref=sr_1_16?dchild=1&qid=1593188323&s=apparel&sr=1-16
B07BK132C3,Vestidos Mujer Casual Playa Cuello en V Bohemio Maxi Vestido con Aberturas Laterales,VONDA,"19,99 €","4,0 de 5 estrellas",https://m.media-amazon.com/images/I/61i5dTGCskL._AC_UL320_.jpg,"https://m.media-amazon.com/images/I/61i5dTGCskL._AC_UL320_.jpg 1x, https://m.media-amazon.com/images/I/61i5dTGCskL._AC_UL480_QL65_.jpg 1.5x, https://m.media-amazon.com/images/I/61i5dTGCskL._AC_UL640_QL65_.jpg 2x, https://m.media-amazon.com/images/I/61i5dTGCskL._AC_UL800_QL65_.jpg 2.5x, https://m.media-amazon.com/images/I/61i5dTGCskL._AC_UL960_QL65_.jpg 3x",/VONDA-Vestido-Manga-Corta-XX-Large/dp/B07BK132C3/ref=sr_1_17?dchild=1&qid=1593188323&s=apparel&sr=1-17
B07Q7ZPMX9,Mujer Vestido de Verano con Estampado Floral Cuello en v para Cortos Playa Casual Mini Tops,Snyemio,"17,99 €","3,4 de 5 estrellas",https://m.media-amazon.com/images/I/71rrqqOmFKL._AC_UL320_.jpg,"https://m.media-amazon.com/images/I/71rrqqOmFKL._AC_UL320_.jpg 1x, https://m.media-amazon.com/images/I/71rrqqOmFKL._AC_UL480_QL65_.jpg 1.5x, https://m.media-amazon.com/images/I/71rrqqOmFKL._AC_UL640_QL65_.jpg 2x, https://m.media-amazon.com/images/I/71rrqqOmFKL._AC_UL800_QL65_.jpg 2.5x, https://m.media-amazon.com/images/I/71rrqqOmFKL._AC_UL960_QL65_.jpg 3x",/Snyemio-Vestido-Verano-Estampado-Floral/dp/B07Q7ZPMX9/ref=sr_1_18?dchild=1&qid=1593188323&s=apparel&sr=1-18
B07X28ZVRZ,Tjw Dungaree Dress vestido para Mujer,Tommy Hilfiger,"72,93 €","4,8 de 5 estrellas",https://m.media-amazon.com/images/I/81q2skOAkkL._AC_UL320_.jpg,"https://m.media-amazon.com/images/I/81q2skOAkkL._AC_UL320_.jpg 1x, https://m.media-amazon.com/images/I/81q2skOAkkL._AC_UL480_QL65_.jpg 1.5x, https://m.media-amazon.com/images/I/81q2skOAkkL._AC_UL640_QL65_.jpg 2x, https://m.media-amazon.com/images/I/81q2skOAkkL._AC_UL800_QL65_.jpg 2.5x, https://m.media-amazon.com/images/I/81q2skOAkkL._AC_UL960_QL65_.jpg 3x",/Tommy-Jeans-Dungaree-Vestido-COLORBLOCK/dp/B07X28ZVRZ/ref=sr_1_19?dchild=1&qid=1593188323&s=apparel&sr=1-19
B086MLXGGQ,Vestido Mujer Bohemio Largo Verano Playa Fiesta Floral/Polka Dot Maxi Vestidos Cóctel Falda Larga con Cinturón,Zilcremo,"11,99 €","3,9 de 5 estrellas",https://m.media-amazon.com/images/I/71EQGShSKeL._AC_UL320_.jpg,"https://m.media-amazon.com/images/I/71EQGShSKeL._AC_UL320_.jpg 1x, https://m.media-amazon.com/images/I/71EQGShSKeL._AC_UL480_QL65_.jpg 1.5x, https://m.media-amazon.com/images/I/71EQGShSKeL._AC_UL640_QL65_.jpg 2x, https://m.media-amazon.com/images/I/71EQGShSKeL._AC_UL800_QL65_.jpg 2.5x, https://m.media-amazon.com/images/I/71EQGShSKeL._AC_UL960_QL65_.jpg 3x",/Vestido-Bohemio-Vestidos-Cintur%C3%B3n-Navydot/dp/B086MLXGGQ/ref=sr_1_20?dchild=1&qid=1593188323&s=apparel&sr=1-20
B07N4LL1T1,Marca Amazon - Daily Ritual - Vestido largo de punto sin mangas de corte imperio para mujer,Daily Ritual,"8,82 €","4,6 de 5 estrellas",https://m.media-amazon.com/images/I/71tGuzTVssL._AC_UL320_.jpg,"https://m.media-amazon.com/images/I/71tGuzTVssL._AC_UL320_.jpg 1x, https://m.media-amazon.com/images/I/71tGuzTVssL._AC_UL480_QL65_.jpg 1.5x, https://m.media-amazon.com/images/I/71tGuzTVssL._AC_UL640_QL65_.jpg 2x, https://m.media-amazon.com/images/I/71tGuzTVssL._AC_UL800_QL65_.jpg 2.5x, https://m.media-amazon.com/images/I/71tGuzTVssL._AC_UL960_QL65_.jpg 3x",/Daily-Ritual-Sleeveless-Empire-Waist-Caramelo/dp/B07N4LL1T1/ref=sr_1_21?dchild=1&qid=1593188323&s=apparel&sr=1-21
B07QZ2Z1JZ,Vestidos Mujer Casual Playa Largos Boho Floral Maxi Vestido Bohemio Tirantes Playa Verano,Zilcremo,"7,99 €","3,6 de 5 estrellas",https://m.media-amazon.com/images/I/71zCpXuxvYL._AC_UL320_.jpg,"https://m.media-amazon.com/images/I/71zCpXuxvYL._AC_UL320_.jpg 1x, https://m.media-amazon.com/images/I/71zCpXuxvYL._AC_UL480_QL65_.jpg 1.5x, https://m.media-amazon.com/images/I/71zCpXuxvYL._AC_UL640_QL65_.jpg 2x, https://m.media-amazon.com/images/I/71zCpXuxvYL._AC_UL800_QL65_.jpg 2.5x, https://m.media-amazon.com/images/I/71zCpXuxvYL._AC_UL960_QL65_.jpg 3x",/Vestidos-Casual-Vestido-Bohemio-Tirantes/dp/B07QZ2Z1JZ/ref=sr_1_22?dchild=1&qid=1593188323&s=apparel&sr=1-22
B07TP22N7D,Vestidos Mujer Maxi Vestido Mangas Cortas Boho Verano Playa Vestidos Cóctel Fiesta,UUAISSO,"22,99 €","3,7 de 5 estrellas",https://m.media-amazon.com/images/I/61JlOyY9kxL._AC_UL320_.jpg,"https://m.media-amazon.com/images/I/61JlOyY9kxL._AC_UL320_.jpg 1x, https://m.media-amazon.com/images/I/61JlOyY9kxL._AC_UL480_QL65_.jpg 1.5x, https://m.media-amazon.com/images/I/61JlOyY9kxL._AC_UL640_QL65_.jpg 2x, https://m.media-amazon.com/images/I/61JlOyY9kxL._AC_UL800_QL65_.jpg 2.5x, https://m.media-amazon.com/images/I/61JlOyY9kxL._AC_UL960_QL65_.jpg 3x",/UUAISSO-Vestidos-Vestido-Mangas-Cortas/dp/B07TP22N7D/ref=sr_1_23?dchild=1&qid=1593188323&s=apparel&sr=1-23
B07D4MXL3Z,Ropa de Mujer Vestidos Falda Chaleco Vestido Mini Playa Sin Mangas con Estampado Retro Camisetas Verano,logobeing,"4,39 €","3,8 de 5 estrellas",https://m.media-amazon.com/images/I/61FOJ390ZxL._AC_UL320_.jpg,"https://m.media-amazon.com/images/I/61FOJ390ZxL._AC_UL320_.jpg 1x, https://m.media-amazon.com/images/I/61FOJ390ZxL._AC_UL480_QL65_.jpg 1.5x, https://m.media-amazon.com/images/I/61FOJ390ZxL._AC_UL640_QL65_.jpg 2x, https://m.media-amazon.com/images/I/61FOJ390ZxL._AC_UL800_QL65_.jpg 2.5x, https://m.media-amazon.com/images/I/61FOJ390ZxL._AC_UL960_QL65_.jpg 3x",/Logobeing-Vestidos-Chaleco-Estampado-Camisetas/dp/B07D4MXL3Z/ref=sr_1_24?dchild=1&qid=1593188323&s=apparel&sr=1-24
B01MZ94TU5,Onlbera Back Lace Up S/S Dress Jrs Noos Vestido para Mujer,Only,"11,99 €","4,2 de 5 estrellas",https://m.media-amazon.com/images/I/71JgUW1zrQL._AC_UL320_.jpg,"https://m.media-amazon.com/images/I/71JgUW1zrQL._AC_UL320_.jpg 1x, https://m.media-amazon.com/images/I/71JgUW1zrQL._AC_UL480_QL65_.jpg 1.5x, https://m.media-amazon.com/images/I/71JgUW1zrQL._AC_UL640_QL65_.jpg 2x, https://m.media-amazon.com/images/I/71JgUW1zrQL._AC_UL800_QL65_.jpg 2.5x, https://m.media-amazon.com/images/I/71JgUW1zrQL._AC_UL960_QL65_.jpg 3x",/ONLY-NOS-Onlbera-Vestido-Fabricante/dp/B01MZ94TU5/ref=sr_1_25?dchild=1&qid=1593188323&s=apparel&sr=1-25
B07JKNDN5W,Marca Amazon - Daily Ritual Lived-in Cotton Short-sleeve Crewneck Maxi Dress - dresses Mujer,Daily Ritual,"28,00 €","4,5 de 5 estrellas",https://m.media-amazon.com/images/I/81ffniejBkL._AC_UL320_.jpg,"https://m.media-amazon.com/images/I/81ffniejBkL._AC_UL320_.jpg 1x, https://m.media-amazon.com/images/I/81ffniejBkL._AC_UL480_QL65_.jpg 1.5x, https://m.media-amazon.com/images/I/81ffniejBkL._AC_UL640_QL65_.jpg 2x, https://m.media-amazon.com/images/I/81ffniejBkL._AC_UL800_QL65_.jpg 2.5x, https://m.media-amazon.com/images/I/81ffniejBkL._AC_UL960_QL65_.jpg 3x",/Daily-Ritual-Short-Sleeve-Crewneck-Natural/dp/B07JKNDN5W/ref=sr_1_26?dchild=1&qid=1593188323&s=apparel&sr=1-26
B07DJZQM6N,Marca Amazon - Daily Ritual Jersey Muscle Swing Dress Mujer,Daily Ritual,"15,00 €","4,4 de 5 estrellas",https://m.media-amazon.com/images/I/71-lHiPOnnL._AC_UL320_.jpg,"https://m.media-amazon.com/images/I/71-lHiPOnnL._AC_UL320_.jpg 1x, https://m.media-amazon.com/images/I/71-lHiPOnnL._AC_UL480_QL65_.jpg 1.5x, https://m.media-amazon.com/images/I/71-lHiPOnnL._AC_UL640_QL65_.jpg 2x, https://m.media-amazon.com/images/I/71-lHiPOnnL._AC_UL800_QL65_.jpg 2.5x, https://m.media-amazon.com/images/I/71-lHiPOnnL._AC_UL960_QL65_.jpg 3x",/Daily-Ritual-Jersey-Muscle-Bosque/dp/B07DJZQM6N/ref=sr_1_27?dchild=1&qid=1593188323&s=apparel&sr=1-27
B07PLB9TS8,"Camisón Mujer Algodon Verano Corto,Vestidos Pijama Casual Comodo y Suave Casual sin Manga S-XXL",Aibrou,"18,99 €","4,2 de 5 estrellas",https://m.media-amazon.com/images/I/61ajAglFFUL._AC_UL320_.jpg,"https://m.media-amazon.com/images/I/61ajAglFFUL._AC_UL320_.jpg 1x, https://m.media-amazon.com/images/I/61ajAglFFUL._AC_UL480_QL65_.jpg 1.5x, https://m.media-amazon.com/images/I/61ajAglFFUL._AC_UL640_QL65_.jpg 2x, https://m.media-amazon.com/images/I/61ajAglFFUL._AC_UL800_QL65_.jpg 2.5x, https://m.media-amazon.com/images/I/61ajAglFFUL._AC_UL960_QL65_.jpg 3x",/Aibrou-Camis%C3%B3n-Algodon-Verano-Vestidos/dp/B07PLB9TS8/ref=sr_1_28?dchild=1&qid=1593188323&s=apparel&sr=1-28
B0743D1LVZ,Marca Amazon - Lark & Ro Classic Cap-Sleeve Wrap Dress Mujer,Lark & Ro,"32,49 €","4,3 de 5 estrellas",https://m.media-amazon.com/images/I/81PVv-7MVGL._AC_UL320_.jpg,"https://m.media-amazon.com/images/I/81PVv-7MVGL._AC_UL320_.jpg 1x, https://m.media-amazon.com/images/I/81PVv-7MVGL._AC_UL480_QL65_.jpg 1.5x, https://m.media-amazon.com/images/I/81PVv-7MVGL._AC_UL640_QL65_.jpg 2x, https://m.media-amazon.com/images/I/81PVv-7MVGL._AC_UL800_QL65_.jpg 2.5x, https://m.media-amazon.com/images/I/81PVv-7MVGL._AC_UL960_QL65_.jpg 3x",/Lark-Ro-Classic-Cap-Sleeve-Vestido/dp/B0743D1LVZ/ref=sr_1_29?dchild=1&qid=1593188323&s=apparel&sr=1-29
B07P7G4VC6,Mujer Vestido Camiseta Estampado Floral Manga Larga Vestido Casual Corto Playa con un Bolsillo,Abravo,"15,99 €","3,5 de 5 estrellas",https://m.media-amazon.com/images/I/71foAa4REgL._AC_UL320_.jpg,"https://m.media-amazon.com/images/I/71foAa4REgL._AC_UL320_.jpg 1x, https://m.media-amazon.com/images/I/71foAa4REgL._AC_UL480_QL65_.jpg 1.5x, https://m.media-amazon.com/images/I/71foAa4REgL._AC_UL640_QL65_.jpg 2x, https://m.media-amazon.com/images/I/71foAa4REgL._AC_UL800_QL65_.jpg 2.5x, https://m.media-amazon.com/images/I/71foAa4REgL._AC_UL960_QL65_.jpg 3x",/Abravo-Vestido-Estampado-Floral-Bolsillo/dp/B07P7G4VC6/ref=sr_1_30?dchild=1&qid=1593188323&s=apparel&sr=1-30
B072MFT6JL,Marca Amazon - Daily Ritual: vestido sin mangas para mujer,Daily Ritual,"21,49 €","4,3 de 5 estrellas",https://m.media-amazon.com/images/I/71qrusKC9RL._AC_UL320_.jpg,"https://m.media-amazon.com/images/I/71qrusKC9RL._AC_UL320_.jpg 1x, https://m.media-amazon.com/images/I/71qrusKC9RL._AC_UL480_QL65_.jpg 1.5x, https://m.media-amazon.com/images/I/71qrusKC9RL._AC_UL640_QL65_.jpg 2x, https://m.media-amazon.com/images/I/71qrusKC9RL._AC_UL800_QL65_.jpg 2.5x, https://m.media-amazon.com/images/I/71qrusKC9RL._AC_UL960_QL65_.jpg 3x",/Daily-Ritual-Pird-17031319-Blusa-Medium/dp/B072MFT6JL/ref=sr_1_31?dchild=1&qid=1593188323&s=apparel&sr=1-31
B07TT9M72L,Vestido Largo Floral Maxi de Verano Manga Corta para Mujer Sexy Cuello En V Floral Impreso Vintage Estilo Etnico de Alta Split Beach,Enjoyoself,"19,99 €","3,8 de 5 estrellas",https://m.media-amazon.com/images/I/71J6AUcYhCL._AC_UL320_.jpg,"https://m.media-amazon.com/images/I/71J6AUcYhCL._AC_UL320_.jpg 1x, https://m.media-amazon.com/images/I/71J6AUcYhCL._AC_UL480_QL65_.jpg 1.5x, https://m.media-amazon.com/images/I/71J6AUcYhCL._AC_UL640_QL65_.jpg 2x, https://m.media-amazon.com/images/I/71J6AUcYhCL._AC_UL800_QL65_.jpg 2.5x, https://m.media-amazon.com/images/I/71J6AUcYhCL._AC_UL960_QL65_.jpg 3x",/Vestido-Floral-Verano-Impreso-Vintage/dp/B07TT9M72L/ref=sr_1_32?dchild=1&qid=1593188323&s=apparel&sr=1-32
B07JH94JPQ,Vestidos De Verano De Lino Mujer | Túnica Suelta Corte Sin Mangas con Cuello En V hasta La Rodilla Y 2 Bolsillos Delanteros | Tallas Desde Pequeña hasta Plus,CityComfort,"17,99 €","4,3 de 5 estrellas",https://m.media-amazon.com/images/I/71OCBQcSlKL._AC_UL320_.jpg,"https://m.media-amazon.com/images/I/71OCBQcSlKL._AC_UL320_.jpg 1x, https://m.media-amazon.com/images/I/71OCBQcSlKL._AC_UL480_QL65_.jpg 1.5x, https://m.media-amazon.com/images/I/71OCBQcSlKL._AC_UL640_QL65_.jpg 2x, https://m.media-amazon.com/images/I/71OCBQcSlKL._AC_UL800_QL65_.jpg 2.5x, https://m.media-amazon.com/images/I/71OCBQcSlKL._AC_UL960_QL65_.jpg 3x",/Vestido-Rodilla-Cintura-Bolsillos-Delanteros/dp/B07JH94JPQ/ref=sr_1_33?dchild=1&qid=1593188323&s=apparel&sr=1-33
B088KCXY6V,Vestidos Largos Verano Mujer Casual Sin Mangas Vestido Playa de Fiesta Mujer,CNFIO,"17,99 €","3,8 de 5 estrellas",https://m.media-amazon.com/images/I/51ojnh4EW8L._AC_UL320_.jpg,"https://m.media-amazon.com/images/I/51ojnh4EW8L._AC_UL320_.jpg 1x, https://m.media-amazon.com/images/I/51ojnh4EW8L._AC_UL480_QL65_.jpg 1.5x, https://m.media-amazon.com/images/I/51ojnh4EW8L._AC_UL640_QL65_.jpg 2x, https://m.media-amazon.com/images/I/51ojnh4EW8L._AC_UL800_QL65_.jpg 2.5x, https://m.media-amazon.com/images/I/51ojnh4EW8L._AC_UL960_QL65_.jpg 3x",/CNFIO-Vestidos-Largos-Verano-Vestido/dp/B088KCXY6V/ref=sr_1_34?dchild=1&qid=1593188323&s=apparel&sr=1-34
B075MLD71Z,Marca Amazon - MERAKI Vestido de Tirantes Slim Fit Mujer,MERAKI,"11,25 €","4,1 de 5 estrellas",https://m.media-amazon.com/images/I/71izCl7YrjL._AC_UL320_.jpg,"https://m.media-amazon.com/images/I/71izCl7YrjL._AC_UL320_.jpg 1x, https://m.media-amazon.com/images/I/71izCl7YrjL._AC_UL480_QL65_.jpg 1.5x, https://m.media-amazon.com/images/I/71izCl7YrjL._AC_UL640_QL65_.jpg 2x, https://m.media-amazon.com/images/I/71izCl7YrjL._AC_UL800_QL65_.jpg 2.5x, https://m.media-amazon.com/images/I/71izCl7YrjL._AC_UL960_QL65_.jpg 3x",/MERAKI-Vestido-Tirantes-Mujer-X-Small/dp/B075MLD71Z/ref=sr_1_35?dchild=1&qid=1593188323&s=apparel&sr=1-35
B086QCQQNY,Mujer Vestidos Casual Manga Corta Cuello V Suelto Impreso Boho Florales Nacional Noche Playa Vacaciones Verano Vestido,Onsoyours,"6,99 €","3,8 de 5 estrellas",https://m.media-amazon.com/images/I/51yIeuIwuuL._AC_UL320_.jpg,"https://m.media-amazon.com/images/I/51yIeuIwuuL._AC_UL320_.jpg 1x, https://m.media-amazon.com/images/I/51yIeuIwuuL._AC_UL480_QL65_.jpg 1.5x, https://m.media-amazon.com/images/I/51yIeuIwuuL._AC_UL640_QL65_.jpg 2x, https://m.media-amazon.com/images/I/51yIeuIwuuL._AC_UL800_QL65_.jpg 2.5x, https://m.media-amazon.com/images/I/51yIeuIwuuL._AC_UL960_QL65_.jpg 3x",/Onsoyours-Florales-Nacional-Vacaciones-Amarillo/dp/B086QCQQNY/ref=sr_1_36?dchild=1&qid=1593188323&s=apparel&sr=1-36
B07R156XVD,Vestidos Verano Mujer Mini Vestidos Sin Mangas Cuello Redondo Moda Casual Tallas Grandes Vestidos Elegantes Vestidos de Playa Sexy Vestidos,kenoce,"19,99 €","3,5 de 5 estrellas",https://m.media-amazon.com/images/I/51wgXDuuSaL._AC_UL320_.jpg,"https://m.media-amazon.com/images/I/51wgXDuuSaL._AC_UL320_.jpg 1x, https://m.media-amazon.com/images/I/51wgXDuuSaL._AC_UL480_QL65_.jpg 1.5x, https://m.media-amazon.com/images/I/51wgXDuuSaL._AC_UL640_QL65_.jpg 2x, https://m.media-amazon.com/images/I/51wgXDuuSaL._AC_UL800_QL65_.jpg 2.5x, https://m.media-amazon.com/images/I/51wgXDuuSaL._AC_UL960_QL65_.jpg 3x",/Kidsform-KENOCEMUSWINADE1879-Felpa-Cappuccio-Donna/dp/B07R156XVD/ref=sr_1_37?dchild=1&qid=1593188323&s=apparel&sr=1-37
B0162YDDI8,Vestido Fruncido Plisado Moda,KRISP,"15,99 €","4,1 de 5 estrellas",https://m.media-amazon.com/images/I/81PFLvcSpFL._AC_UL320_.jpg,"https://m.media-amazon.com/images/I/81PFLvcSpFL._AC_UL320_.jpg 1x, https://m.media-amazon.com/images/I/81PFLvcSpFL._AC_UL480_QL65_.jpg 1.5x, https://m.media-amazon.com/images/I/81PFLvcSpFL._AC_UL640_QL65_.jpg 2x, https://m.media-amazon.com/images/I/81PFLvcSpFL._AC_UL800_QL65_.jpg 2.5x, https://m.media-amazon.com/images/I/81PFLvcSpFL._AC_UL960_QL65_.jpg 3x",/KRISP-Vestido-Corto-Fruncido-9354-RED-14/dp/B0162YDDI8/ref=sr_1_38?dchild=1&qid=1593188323&s=apparel&sr=1-38
B07QBYK387,"Vestido Suelto,sin Mangas,Falda del Tanque,sin Mangas del Tanque del Chaleco,Tamaño Grande,Vestido de Sol Impresa,Vestido Coctel Fiesta Noche y Playa Vacation",S.CHARMA-Ropa de primavera y verano,"17,23 €","3,6 de 5 estrellas",https://m.media-amazon.com/images/I/61QC22DoLlL._AC_UL320_.jpg,"https://m.media-amazon.com/images/I/61QC22DoLlL._AC_UL320_.jpg 1x, https://m.media-amazon.com/images/I/61QC22DoLlL._AC_UL480_QL65_.jpg 1.5x, https://m.media-amazon.com/images/I/61QC22DoLlL._AC_UL640_QL65_.jpg 2x, https://m.media-amazon.com/images/I/61QC22DoLlL._AC_UL800_QL65_.jpg 2.5x, https://m.media-amazon.com/images/I/61QC22DoLlL._AC_UL960_QL65_.jpg 3x",/Chaleco-Eslinga-Deportiva-Camiseta-Superior/dp/B07QBYK387/ref=sr_1_39?dchild=1&qid=1593188323&s=apparel&sr=1-39
B07R55M9W8,Mujer Vestidos Fiesta Largos Elegantes Tallas Grandes Vestidos Casual Playa Falda,Rojeam,"12,99 €","3,6 de 5 estrellas",https://m.media-amazon.com/images/I/61KWll2n5WL._AC_UL320_.jpg,"https://m.media-amazon.com/images/I/61KWll2n5WL._AC_UL320_.jpg 1x, https://m.media-amazon.com/images/I/61KWll2n5WL._AC_UL480_QL65_.jpg 1.5x, https://m.media-amazon.com/images/I/61KWll2n5WL._AC_UL640_QL65_.jpg 2x, https://m.media-amazon.com/images/I/61KWll2n5WL._AC_UL800_QL65_.jpg 2.5x, https://m.media-amazon.com/images/I/61KWll2n5WL._AC_UL960_QL65_.jpg 3x",/Rojeam-Vestido-Verano-s%C3%B3lido-Bolsillos/dp/B07R55M9W8/ref=sr_1_40?dchild=1&qid=1593188323&s=apparel&sr=1-40
B0861Q6W71,Mujer Vestido Fiesta Largo Manga Corta Floral Print Casual Verano Maxi Vestidos Playa Vacaciones,UUAISSO,"19,97 €","4,1 de 5 estrellas",https://m.media-amazon.com/images/I/71n1vQWkpWL._AC_UL320_.jpg,"https://m.media-amazon.com/images/I/71n1vQWkpWL._AC_UL320_.jpg 1x, https://m.media-amazon.com/images/I/71n1vQWkpWL._AC_UL480_QL65_.jpg 1.5x, https://m.media-amazon.com/images/I/71n1vQWkpWL._AC_UL640_QL65_.jpg 2x, https://m.media-amazon.com/images/I/71n1vQWkpWL._AC_UL800_QL65_.jpg 2.5x, https://m.media-amazon.com/images/I/71n1vQWkpWL._AC_UL960_QL65_.jpg 3x",/UUAISSO-Vestido-Vestidos-Vacaciones-D-Azul-Manga/dp/B0861Q6W71/ref=sr_1_41?dchild=1&qid=1593188323&s=apparel&sr=1-41
B07YRDK4ZS,Marca Amazon - find. Vestido Midi Camisero de Flores Mujer,find.,"29,40 €","4,4 de 5 estrellas",https://m.media-amazon.com/images/I/91Aq25jhLvL._AC_UL320_.jpg,"https://m.media-amazon.com/images/I/91Aq25jhLvL._AC_UL320_.jpg 1x, https://m.media-amazon.com/images/I/91Aq25jhLvL._AC_UL480_QL65_.jpg 1.5x, https://m.media-amazon.com/images/I/91Aq25jhLvL._AC_UL640_QL65_.jpg 2x, https://m.media-amazon.com/images/I/91Aq25jhLvL._AC_UL800_QL65_.jpg 2.5x, https://m.media-amazon.com/images/I/91Aq25jhLvL._AC_UL960_QL65_.jpg 3x",/Marca-Amazon-Vestido-Camisero-Multicolor/dp/B07YRDK4ZS/ref=sr_1_42?dchild=1&qid=1593188323&s=apparel&sr=1-42
B07MH15VN9,Marca Amazon - find. Vestido Corto Cruzado de Algodón Mujer,find.,"26,76 €","3,4 de 5 estrellas",https://m.media-amazon.com/images/I/71gjZkwTM0L._AC_UL320_.jpg,"https://m.media-amazon.com/images/I/71gjZkwTM0L._AC_UL320_.jpg 1x, https://m.media-amazon.com/images/I/71gjZkwTM0L._AC_UL480_QL65_.jpg 1.5x, https://m.media-amazon.com/images/I/71gjZkwTM0L._AC_UL640_QL65_.jpg 2x, https://m.media-amazon.com/images/I/71gjZkwTM0L._AC_UL800_QL65_.jpg 2.5x, https://m.media-amazon.com/images/I/71gjZkwTM0L._AC_UL960_QL65_.jpg 3x",/find-Mujer-Vestido-Cruzado-Algod%C3%B3n/dp/B07MH15VN9/ref=sr_1_43?dchild=1&qid=1593188323&s=apparel&sr=1-43
B07PBWKGFJ,Marca Amazon - find. Vestido Midi de Satén Mujer,find.,"12,93 €","3,8 de 5 estrellas",https://m.media-amazon.com/images/I/71+VPrz6KJL._AC_UL320_.jpg,"https://m.media-amazon.com/images/I/71+VPrz6KJL._AC_UL320_.jpg 1x, https://m.media-amazon.com/images/I/71+VPrz6KJL._AC_UL480_QL65_.jpg 1.5x, https://m.media-amazon.com/images/I/71+VPrz6KJL._AC_UL640_QL65_.jpg 2x, https://m.media-amazon.com/images/I/71+VPrz6KJL._AC_UL800_QL65_.jpg 2.5x, https://m.media-amazon.com/images/I/71+VPrz6KJL._AC_UL960_QL65_.jpg 3x",/find-An7523-vestidos-VALIANT-fabricante/dp/B07PBWKGFJ/ref=sr_1_44?dchild=1&qid=1593188323&s=apparel&sr=1-44
B07NVDBMPT,Vestido Mujer Mujeres Verano Manga Corta Floral Bolsillos Impresos Vestido de oscilación Ocasional de Sundress,VEMOW,"10,24 €","3,1 de 5 estrellas",https://m.media-amazon.com/images/I/71U5i7McfnL._AC_UL320_.jpg,"https://m.media-amazon.com/images/I/71U5i7McfnL._AC_UL320_.jpg 1x, https://m.media-amazon.com/images/I/71U5i7McfnL._AC_UL480_QL65_.jpg 1.5x, https://m.media-amazon.com/images/I/71U5i7McfnL._AC_UL640_QL65_.jpg 2x, https://m.media-amazon.com/images/I/71U5i7McfnL._AC_UL800_QL65_.jpg 2.5x, https://m.media-amazon.com/images/I/71U5i7McfnL._AC_UL960_QL65_.jpg 3x",/VEMOW-Bolsillos-Impresos-oscilaci%C3%B3n-Ocasional/dp/B07NVDBMPT/ref=sr_1_45?dchild=1&qid=1593188323&s=apparel&sr=1-45
B07JN9JNWH,Vestido sin mangas para mujer,Amazon Essentials,"7,63 €","4,5 de 5 estrellas",https://m.media-amazon.com/images/I/71SvfrWd75L._AC_UL320_.jpg,"https://m.media-amazon.com/images/I/71SvfrWd75L._AC_UL320_.jpg 1x, https://m.media-amazon.com/images/I/71SvfrWd75L._AC_UL480_QL65_.jpg 1.5x, https://m.media-amazon.com/images/I/71SvfrWd75L._AC_UL640_QL65_.jpg 2x, https://m.media-amazon.com/images/I/71SvfrWd75L._AC_UL800_QL65_.jpg 2.5x, https://m.media-amazon.com/images/I/71SvfrWd75L._AC_UL960_QL65_.jpg 3x",/Amazon-Essentials-Swing-Dress-Burgundy/dp/B07JN9JNWH/ref=sr_1_46?dchild=1&qid=1593188323&s=apparel&sr=1-46
B07TNH8PF6,Mujer Verano Flamenco Camisola Vestido De Playa Top Sin Mangas Trapecio O Corte En A Vestido Oeste,Ocean Plus,"10,99 €","3,6 de 5 estrellas",https://m.media-amazon.com/images/I/61R16BIjlSL._AC_UL320_.jpg,"https://m.media-amazon.com/images/I/61R16BIjlSL._AC_UL320_.jpg 1x, https://m.media-amazon.com/images/I/61R16BIjlSL._AC_UL480_QL65_.jpg 1.5x, https://m.media-amazon.com/images/I/61R16BIjlSL._AC_UL640_QL65_.jpg 2x, https://m.media-amazon.com/images/I/61R16BIjlSL._AC_UL800_QL65_.jpg 2.5x, https://m.media-amazon.com/images/I/61R16BIjlSL._AC_UL960_QL65_.jpg 3x",/Ocean-Plus-Flamenco-Camisola-Salpicaduras/dp/B07TNH8PF6/ref=sr_1_47?dchild=1&qid=1593188323&s=apparel&sr=1-47
B01IHLAEAO,Mujer Vestido de Tejido Piqué,oodji Ultra,"15,60 €","4,0 de 5 estrellas",https://m.media-amazon.com/images/I/71PSXb7d2mL._AC_UL320_.jpg,"https://m.media-amazon.com/images/I/71PSXb7d2mL._AC_UL320_.jpg 1x, https://m.media-amazon.com/images/I/71PSXb7d2mL._AC_UL480_QL65_.jpg 1.5x, https://m.media-amazon.com/images/I/71PSXb7d2mL._AC_UL640_QL65_.jpg 2x, https://m.media-amazon.com/images/I/71PSXb7d2mL._AC_UL800_QL65_.jpg 2.5x, https://m.media-amazon.com/images/I/71PSXb7d2mL._AC_UL960_QL65_.jpg 3x",/oodji-Ultra-Mujer-Vestido-Tejido/dp/B01IHLAEAO/ref=sr_1_48?dchild=1&qid=1593188323&s=apparel&sr=1-48
B087631626,Pareos Y Vestidos De Playa Vestido Bohemio con Estampado Floral Y Escote Redondo De Verano para Mujer,dingsheng,"36,60 €",-1,https://m.media-amazon.com/images/I/611tQ4JUFEL._AC_UL320_.jpg,"https://m.media-amazon.com/images/I/611tQ4JUFEL._AC_UL320_.jpg 1x, https://m.media-amazon.com/images/I/611tQ4JUFEL._AC_UL480_QL65_.jpg 1.5x, https://m.media-amazon.com/images/I/611tQ4JUFEL._AC_UL640_QL65_.jpg 2x, https://m.media-amazon.com/images/I/611tQ4JUFEL._AC_UL800_QL65_.jpg 2.5x, https://m.media-amazon.com/images/I/611tQ4JUFEL._AC_UL960_QL65_.jpg 3x",/Vestidos-Vestido-Bohemio-Estampado-Sexy-Multicolor_XS/dp/B087631626/ref=sr_1_13393?dchild=1&qid=1593188327&s=apparel&sr=1-13393
B08762TV2L,Vestido de Tirantes de Color sólido Primavera y Verano Nueva Falda de Temperamento para viajeros,XIEPEI,"19,99 €",-1,https://m.media-amazon.com/images/I/51smH5COQeL._AC_UL320_.jpg,"https://m.media-amazon.com/images/I/51smH5COQeL._AC_UL320_.jpg 1x, https://m.media-amazon.com/images/I/51smH5COQeL._AC_UL480_QL65_.jpg 1.5x, https://m.media-amazon.com/images/I/51smH5COQeL._AC_UL640_QL65_.jpg 2x, https://m.media-amazon.com/images/I/51smH5COQeL._AC_UL800_QL65_.jpg 2.5x, https://m.media-amazon.com/images/I/51smH5COQeL._AC_UL960_QL65_.jpg 3x",/XIEPEI-Tirantes-Primavera-Temperamento-viajeros/dp/B08762TV2L/ref=sr_1_13394?dchild=1&qid=1593188327&s=apparel&sr=1-13394
B087627N9X,Deanna Slip Dress Fire Red XL,Bardot,"214,20 €",-1,https://m.media-amazon.com/images/I/71z3nyIP+ML._AC_UL320_.jpg,"https://m.media-amazon.com/images/I/71z3nyIP+ML._AC_UL320_.jpg 1x, https://m.media-amazon.com/images/I/71z3nyIP+ML._AC_UL480_QL65_.jpg 1.5x, https://m.media-amazon.com/images/I/71z3nyIP+ML._AC_UL640_QL65_.jpg 2x, https://m.media-amazon.com/images/I/71z3nyIP+ML._AC_UL800_QL65_.jpg 2.5x, https://m.media-amazon.com/images/I/71z3nyIP+ML._AC_UL960_QL65_.jpg 3x",/Bardot-Deanna-Vestido-sin-cordones/dp/B087627N9X/ref=sr_1_13395?dchild=1&qid=1593188327&s=apparel&sr=1-13395
B087612TJV,Vestido de Mujer Sexy Vestido sin Mangas sin Mangas de Color sólido Vestido de Gasa con Cuello en V - Vino Rojo (M),VCB,"9,75 €",-1,https://m.media-amazon.com/images/I/61urTvYn8VL._AC_UL320_.jpg,"https://m.media-amazon.com/images/I/61urTvYn8VL._AC_UL320_.jpg 1x, https://m.media-amazon.com/images/I/61urTvYn8VL._AC_UL480_QL65_.jpg 1.5x, https://m.media-amazon.com/images/I/61urTvYn8VL._AC_UL640_QL65_.jpg 2x, https://m.media-amazon.com/images/I/61urTvYn8VL._AC_UL800_QL65_.jpg 2.5x, https://m.media-amazon.com/images/I/61urTvYn8VL._AC_UL960_QL65_.jpg 3x",/Vestido-Mujer-Mangas-s%C3%B3lido-Cuello/dp/B087612TJV/ref=sr_1_13396?dchild=1&qid=1593188327&s=apparel&sr=1-13396
B087612FNB,VCB Vestido de Mujer Sexy Vestido sin Mangas sin Mangas de Color sólido Vestido de Gasa con Cuello en V - Blanco (L),VCB,"9,94 €",-1,https://m.media-amazon.com/images/I/61IfRn9gudL._AC_UL320_.jpg,"https://m.media-amazon.com/images/I/61IfRn9gudL._AC_UL320_.jpg 1x, https://m.media-amazon.com/images/I/61IfRn9gudL._AC_UL480_QL65_.jpg 1.5x, https://m.media-amazon.com/images/I/61IfRn9gudL._AC_UL640_QL65_.jpg 2x, https://m.media-amazon.com/images/I/61IfRn9gudL._AC_UL800_QL65_.jpg 2.5x, https://m.media-amazon.com/images/I/61IfRn9gudL._AC_UL960_QL65_.jpg 3x",/VCB-Vestido-Mangas-s%C3%B3lido-Cuello/dp/B087612FNB/ref=sr_1_13397?dchild=1&qid=1593188327&s=apparel&sr=1-13397
B0875ZQFT3,Pajamas Vestido de Mujer Vestido de Medio Cuerpo Temperamento de Mujer Vestido de Cola de pez de Encaje de Cintura Ropa de Moda de Verano White-M,Pajamas,"69,99 €",-1,https://m.media-amazon.com/images/I/619H1LftKBL._AC_UL320_.jpg,"https://m.media-amazon.com/images/I/619H1LftKBL._AC_UL320_.jpg 1x, https://m.media-amazon.com/images/I/619H1LftKBL._AC_UL480_QL65_.jpg 1.5x, https://m.media-amazon.com/images/I/619H1LftKBL._AC_UL640_QL65_.jpg 2x, https://m.media-amazon.com/images/I/619H1LftKBL._AC_UL800_QL65_.jpg 2.5x, https://m.media-amazon.com/images/I/619H1LftKBL._AC_UL960_QL65_.jpg 3x",/Pajamas-Vestido-Temperamento-Cintura-White-M/dp/B0875ZQFT3/ref=sr_1_13398?dchild=1&qid=1593188327&s=apparel&sr=1-13398
B0875ZCLT6,"vestido casual de verano para mujer, tamaño grande, estampado floral, color marrón",Wellwits,"12,14 €",-1,https://m.media-amazon.com/images/I/71g-fhjy2bL._AC_UL320_.jpg,"https://m.media-amazon.com/images/I/71g-fhjy2bL._AC_UL320_.jpg 1x, https://m.media-amazon.com/images/I/71g-fhjy2bL._AC_UL480_QL65_.jpg 1.5x, https://m.media-amazon.com/images/I/71g-fhjy2bL._AC_UL640_QL65_.jpg 2x, https://m.media-amazon.com/images/I/71g-fhjy2bL._AC_UL800_QL65_.jpg 2.5x, https://m.media-amazon.com/images/I/71g-fhjy2bL._AC_UL960_QL65_.jpg 3x",/Wellwits-vestido-casual-verano-estampado/dp/B0875ZCLT6/ref=sr_1_13399?dchild=1&qid=1593188327&s=apparel&sr=1-13399
B0875Y71BX,Vestido de Mujer Sexy Vestido sin Mangas sin Mangas de Color sólido Vestido de Gasa con Cuello en V - Rosa (M),VCB,"10,04 €",-1,https://m.media-amazon.com/images/I/51UvvVLMgNL._AC_UL320_.jpg,"https://m.media-amazon.com/images/I/51UvvVLMgNL._AC_UL320_.jpg 1x, https://m.media-amazon.com/images/I/51UvvVLMgNL._AC_UL480_QL65_.jpg 1.5x, https://m.media-amazon.com/images/I/51UvvVLMgNL._AC_UL640_QL65_.jpg 2x, https://m.media-amazon.com/images/I/51UvvVLMgNL._AC_UL800_QL65_.jpg 2.5x, https://m.media-amazon.com/images/I/51UvvVLMgNL._AC_UL960_QL65_.jpg 3x",/Vestido-Mujer-Mangas-s%C3%B3lido-Cuello/dp/B0875Y71BX/ref=sr_1_13400?dchild=1&qid=1593188327&s=apparel&sr=1-13400
B0875Y6D69,Vestido Casual con Cuello En O De Color Rosa para Mujer Vestidos Elegantes para Mujer De Oficina,HOVYGB,"54,79 €",-1,https://m.media-amazon.com/images/I/317eOVDTfpL._AC_UL320_.jpg,"https://m.media-amazon.com/images/I/317eOVDTfpL._AC_UL320_.jpg 1x, https://m.media-amazon.com/images/I/317eOVDTfpL._AC_UL480_QL65_.jpg 1.5x, https://m.media-amazon.com/images/I/317eOVDTfpL._AC_UL640_QL65_.jpg 2x, https://m.media-amazon.com/images/I/317eOVDTfpL._AC_UL800_QL65_.jpg 2.5x, https://m.media-amazon.com/images/I/317eOVDTfpL._AC_UL960_QL65_.jpg 3x",/HOVYGB-Vestido-Vestidos-Elegantes-Oficina/dp/B0875Y6D69/ref=sr_1_13401?dchild=1&qid=1593188327&s=apparel&sr=1-13401
B0875WTN11,Vestido de Mujer Sexy Vestido sin Mangas sin Mangas de Color sólido Vestido de Gasa con Cuello en V - Vino Rojo (S),VCB,"9,65 €",-1,https://m.media-amazon.com/images/I/61urTvYn8VL._AC_UL320_.jpg,"https://m.media-amazon.com/images/I/61urTvYn8VL._AC_UL320_.jpg 1x, https://m.media-amazon.com/images/I/61urTvYn8VL._AC_UL480_QL65_.jpg 1.5x, https://m.media-amazon.com/images/I/61urTvYn8VL._AC_UL640_QL65_.jpg 2x, https://m.media-amazon.com/images/I/61urTvYn8VL._AC_UL800_QL65_.jpg 2.5x, https://m.media-amazon.com/images/I/61urTvYn8VL._AC_UL960_QL65_.jpg 3x",/Vestido-Mujer-Mangas-s%C3%B3lido-Cuello/dp/B0875WTN11/ref=sr_1_13402?dchild=1&qid=1593188327&s=apparel&sr=1-13402
B0875WPG91,"Vestido de mujer de algodón, de lino, cuello redondo, manga larga, blusa, vestido de verano, minivestido de camisa con bolsillos, 36 38 40 42 44 46 48 50 azul oscuro 48",KOOSUFA,"16,79 €",-1,https://m.media-amazon.com/images/I/611DKrm2pEL._AC_UL320_.jpg,"https://m.media-amazon.com/images/I/611DKrm2pEL._AC_UL320_.jpg 1x, https://m.media-amazon.com/images/I/611DKrm2pEL._AC_UL480_QL65_.jpg 1.5x, https://m.media-amazon.com/images/I/611DKrm2pEL._AC_UL640_QL65_.jpg 2x, https://m.media-amazon.com/images/I/611DKrm2pEL._AC_UL800_QL65_.jpg 2.5x, https://m.media-amazon.com/images/I/611DKrm2pEL._AC_UL960_QL65_.jpg 3x",/KOOSUFA-Vestido-algod%C3%B3n-minivestido-bolsillos/dp/B0875WPG91/ref=sr_1_13403?dchild=1&qid=1593188327&s=apparel&sr=1-13403
B0875VN4H2,2020 Nueva Primavera Primavera Mujeres Vestidos Kawaii Manga De La Ropa de Fiesta Linterna De La Vendimia Vestido De Dolly Vestidos De Fiesta para Mujer Casual Moda Joven Loose Summer Dress,Saoye Fashion,"19,73 €",-1,https://m.media-amazon.com/images/I/51Y1qDJh0CL._AC_UL320_.jpg,"https://m.media-amazon.com/images/I/51Y1qDJh0CL._AC_UL320_.jpg 1x, https://m.media-amazon.com/images/I/51Y1qDJh0CL._AC_UL480_QL65_.jpg 1.5x, https://m.media-amazon.com/images/I/51Y1qDJh0CL._AC_UL640_QL65_.jpg 2x, https://m.media-amazon.com/images/I/51Y1qDJh0CL._AC_UL800_QL65_.jpg 2.5x, https://m.media-amazon.com/images/I/51Y1qDJh0CL._AC_UL960_QL65_.jpg 3x",/Primavera-Mujeres-Vestidos-Linterna-Vendimia/dp/B0875VN4H2/ref=sr_1_13404?dchild=1&qid=1593188327&s=apparel&sr=1-13404
B0875QGWSC,"Vestido de verano para mujer, elástico, con diseño de lunares",NOBRAND,"22,07 €",-1,https://m.media-amazon.com/images/I/61zvmz3sVfL._AC_UL320_.jpg,"https://m.media-amazon.com/images/I/61zvmz3sVfL._AC_UL320_.jpg 1x, https://m.media-amazon.com/images/I/61zvmz3sVfL._AC_UL480_QL65_.jpg 1.5x, https://m.media-amazon.com/images/I/61zvmz3sVfL._AC_UL640_QL65_.jpg 2x, https://m.media-amazon.com/images/I/61zvmz3sVfL._AC_UL800_QL65_.jpg 2.5x, https://m.media-amazon.com/images/I/61zvmz3sVfL._AC_UL960_QL65_.jpg 3x",/NOBRAND-Vestido-verano-el%C3%A1stico-lunares/dp/B0875QGWSC/ref=sr_1_13405?dchild=1&qid=1593188327&s=apparel&sr=1-13405
B0875Q7YHJ,VCB Vestido de Mujer Sexy Vestido sin Mangas sin Mangas de Color sólido Vestido de Gasa con Cuello en V - Blanco (XXL),VCB,"10,41 €",-1,https://m.media-amazon.com/images/I/61pKAds9hVL._AC_UL320_.jpg,"https://m.media-amazon.com/images/I/61pKAds9hVL._AC_UL320_.jpg 1x, https://m.media-amazon.com/images/I/61pKAds9hVL._AC_UL480_QL65_.jpg 1.5x, https://m.media-amazon.com/images/I/61pKAds9hVL._AC_UL640_QL65_.jpg 2x, https://m.media-amazon.com/images/I/61pKAds9hVL._AC_UL800_QL65_.jpg 2.5x, https://m.media-amazon.com/images/I/61pKAds9hVL._AC_UL960_QL65_.jpg 3x",/VCB-Vestido-Mangas-s%C3%B3lido-Cuello/dp/B0875Q7YHJ/ref=sr_1_13406?dchild=1&qid=1593188327&s=apparel&sr=1-13406
B0875PWMDQ,SeniorMar Vestido largo de moda Bordado Costura de encaje Cárdigan Vestido musulmán Abaya Túnicas largas Cómodo de manga larga Ropa de mujer,SeniorMar,"34,24 €",-1,https://m.media-amazon.com/images/I/61yrfQ7WLgL._AC_UL320_.jpg,"https://m.media-amazon.com/images/I/61yrfQ7WLgL._AC_UL320_.jpg 1x, https://m.media-amazon.com/images/I/61yrfQ7WLgL._AC_UL480_QL65_.jpg 1.5x, https://m.media-amazon.com/images/I/61yrfQ7WLgL._AC_UL640_QL65_.jpg 2x, https://m.media-amazon.com/images/I/61yrfQ7WLgL._AC_UL800_QL65_.jpg 2.5x, https://m.media-amazon.com/images/I/61yrfQ7WLgL._AC_UL960_QL65_.jpg 3x",/SeniorMar-Vestido-Bordado-C%C3%A1rdigan-musulm%C3%A1n/dp/B0875PWMDQ/ref=sr_1_13407?dchild=1&qid=1593188327&s=apparel&sr=1-13407
B0875PB7SS,Vestido Halter con Flecos En Capas Negro para Mujer Vestido Corto Sin Mangas Vestidos De Fiesta para Dama,HOVYGB,"61,60 €",-1,https://m.media-amazon.com/images/I/41RV65wmVYL._AC_UL320_.jpg,"https://m.media-amazon.com/images/I/41RV65wmVYL._AC_UL320_.jpg 1x, https://m.media-amazon.com/images/I/41RV65wmVYL._AC_UL480_QL65_.jpg 1.5x, https://m.media-amazon.com/images/I/41RV65wmVYL._AC_UL640_QL65_.jpg 2x, https://m.media-amazon.com/images/I/41RV65wmVYL._AC_UL800_QL65_.jpg 2.5x, https://m.media-amazon.com/images/I/41RV65wmVYL._AC_UL960_QL65_.jpg 3x",/HOVYGB-Vestido-Halter-Flecos-Vestidos/dp/B0875PB7SS/ref=sr_1_13408?dchild=1&qid=1593188327&s=apparel&sr=1-13408
B0875NFXQ2,Mujer Dress L-6Xl Vestido Mujer Mujer Vestido Bata Vestidos Mujer Talla Grande A Rayas,QPXZ,"24,55 €",-1,https://m.media-amazon.com/images/I/617qeoSyaVL._AC_UL320_.jpg,"https://m.media-amazon.com/images/I/617qeoSyaVL._AC_UL320_.jpg 1x, https://m.media-amazon.com/images/I/617qeoSyaVL._AC_UL480_QL65_.jpg 1.5x, https://m.media-amazon.com/images/I/617qeoSyaVL._AC_UL640_QL65_.jpg 2x, https://m.media-amazon.com/images/I/617qeoSyaVL._AC_UL800_QL65_.jpg 2.5x, https://m.media-amazon.com/images/I/617qeoSyaVL._AC_UL960_QL65_.jpg 3x",/QPXZ-Vestido-Vestidos-Grande-Rayas-D_4XL/dp/B0875NFXQ2/ref=sr_1_13409?dchild=1&qid=1593188327&s=apparel&sr=1-13409
B0875LZ5Q1,Vestido de Mujer Sexy Vestido sin Mangas sin Mangas de Color sólido Vestido de Gasa con Cuello en V - Rosa (S),VCB,"10,04 €",-1,https://m.media-amazon.com/images/I/51UvvVLMgNL._AC_UL320_.jpg,"https://m.media-amazon.com/images/I/51UvvVLMgNL._AC_UL320_.jpg 1x, https://m.media-amazon.com/images/I/51UvvVLMgNL._AC_UL480_QL65_.jpg 1.5x, https://m.media-amazon.com/images/I/51UvvVLMgNL._AC_UL640_QL65_.jpg 2x, https://m.media-amazon.com/images/I/51UvvVLMgNL._AC_UL800_QL65_.jpg 2.5x, https://m.media-amazon.com/images/I/51UvvVLMgNL._AC_UL960_QL65_.jpg 3x",/Vestido-Mujer-Mangas-s%C3%B3lido-Cuello/dp/B0875LZ5Q1/ref=sr_1_13410?dchild=1&qid=1593188327&s=apparel&sr=1-13410
B0875J2QZK,Vestido ilustrado Tunica Agua,ANABEL LEE,"29,40 €",-1,https://m.media-amazon.com/images/I/71USsIlUZZL._AC_UL320_.jpg,"https://m.media-amazon.com/images/I/71USsIlUZZL._AC_UL320_.jpg 1x, https://m.media-amazon.com/images/I/71USsIlUZZL._AC_UL480_QL65_.jpg 1.5x, https://m.media-amazon.com/images/I/71USsIlUZZL._AC_UL640_QL65_.jpg 2x, https://m.media-amazon.com/images/I/71USsIlUZZL._AC_UL800_QL65_.jpg 2.5x, https://m.media-amazon.com/images/I/71USsIlUZZL._AC_UL960_QL65_.jpg 3x",/ANABEL-LEE-Vestido-ilustrado-Tunica/dp/B0875J2QZK/ref=sr_1_13411?dchild=1&qid=1593188327&s=apparel&sr=1-13411
B0874YYV3H,Vestido De Tirantes con Volantes Estampado Bouquet Modelo MS08ZLHE7L Color Marino,Michael Kors,"188,00 €",-1,https://m.media-amazon.com/images/I/61oa0L23cSL._AC_UL320_.jpg,"https://m.media-amazon.com/images/I/61oa0L23cSL._AC_UL320_.jpg 1x, https://m.media-amazon.com/images/I/61oa0L23cSL._AC_UL480_QL65_.jpg 1.5x, https://m.media-amazon.com/images/I/61oa0L23cSL._AC_UL640_QL65_.jpg 2x, https://m.media-amazon.com/images/I/61oa0L23cSL._AC_UL800_QL65_.jpg 2.5x, https://m.media-amazon.com/images/I/61oa0L23cSL._AC_UL960_QL65_.jpg 3x",/Michael-Kors-Tirantes-Estampado-MS08ZLHE7L/dp/B0874YYV3H/ref=sr_1_13412?dchild=1&qid=1593188327&s=apparel&sr=1-13412
B0874VFF64,"KLFSJD Vestido Lunares Cuello En V Mujeres Hoja De Loto De Verano Retro Elegante Lunares Moda Lunares Flojo Vestido De Playa Sexy Falda Corta,Negro,XL",KLFSJD,"34,44 €",-1,https://m.media-amazon.com/images/I/61gZUWht6JL._AC_UL320_.jpg,"https://m.media-amazon.com/images/I/61gZUWht6JL._AC_UL320_.jpg 1x, https://m.media-amazon.com/images/I/61gZUWht6JL._AC_UL480_QL65_.jpg 1.5x, https://m.media-amazon.com/images/I/61gZUWht6JL._AC_UL640_QL65_.jpg 2x, https://m.media-amazon.com/images/I/61gZUWht6JL._AC_UL800_QL65_.jpg 2.5x, https://m.media-amazon.com/images/I/61gZUWht6JL._AC_UL960_QL65_.jpg 3x",/KLFSJD-Vestido-Lunares-Mujeres-Elegante/dp/B0874VFF64/ref=sr_1_13413?dchild=1&qid=1593188327&s=apparel&sr=1-13413
B0874VBPTK,"Trajes De Las Mujeres Uniformes Atractivos, Uso Especial Vestidos Negros para Las Mujeres De Bodycon De Los Vestidos De Cuero De Las Mujeres del Mono, Mujer, M-3XL,B,XXL",Gywttg,"26,32 €",-1,https://m.media-amazon.com/images/I/51DLEekZNrL._AC_UL320_.jpg,"https://m.media-amazon.com/images/I/51DLEekZNrL._AC_UL320_.jpg 1x, https://m.media-amazon.com/images/I/51DLEekZNrL._AC_UL480_QL65_.jpg 1.5x, https://m.media-amazon.com/images/I/51DLEekZNrL._AC_UL640_QL65_.jpg 2x, https://m.media-amazon.com/images/I/51DLEekZNrL._AC_UL800_QL65_.jpg 2.5x, https://m.media-amazon.com/images/I/51DLEekZNrL._AC_UL960_QL65_.jpg 3x",/Gywttg-Uniformes-Atractivos-Especial-Vestidos/dp/B0874VBPTK/ref=sr_1_13414?dchild=1&qid=1593188327&s=apparel&sr=1-13414
B0874V3PTL,"KLFSJD Vestido Lunares Cuello En V Verano Temporada De Verano Gasa Vestido Color Sólido Bohemia Vestido De Playa Fiesta,Amarillo,XXXXL",KLFSJD,"34,44 €",-1,https://m.media-amazon.com/images/I/61uAEm+Re0L._AC_UL320_.jpg,"https://m.media-amazon.com/images/I/61uAEm+Re0L._AC_UL320_.jpg 1x, https://m.media-amazon.com/images/I/61uAEm+Re0L._AC_UL480_QL65_.jpg 1.5x, https://m.media-amazon.com/images/I/61uAEm+Re0L._AC_UL640_QL65_.jpg 2x, https://m.media-amazon.com/images/I/61uAEm+Re0L._AC_UL800_QL65_.jpg 2.5x, https://m.media-amazon.com/images/I/61uAEm+Re0L._AC_UL960_QL65_.jpg 3x",/KLFSJD-Vestido-Lunares-Temporada-Amarillo/dp/B0874V3PTL/ref=sr_1_13415?dchild=1&qid=1593188327&s=apparel&sr=1-13415
B0874TVFR4,"KLFSJD Vestido Lunares Cuello En V Mujeres Ropa de Verano para Mujer Moda Simple Vestido Retro Playa,Verde,XXL",KLFSJD,"34,44 €",-1,https://m.media-amazon.com/images/I/61A698GMORL._AC_UL320_.jpg,"https://m.media-amazon.com/images/I/61A698GMORL._AC_UL320_.jpg 1x, https://m.media-amazon.com/images/I/61A698GMORL._AC_UL480_QL65_.jpg 1.5x, https://m.media-amazon.com/images/I/61A698GMORL._AC_UL640_QL65_.jpg 2x, https://m.media-amazon.com/images/I/61A698GMORL._AC_UL800_QL65_.jpg 2.5x, https://m.media-amazon.com/images/I/61A698GMORL._AC_UL960_QL65_.jpg 3x",/KLFSJD-Vestido-Lunares-Cuello-Mujeres/dp/B0874TVFR4/ref=sr_1_13416?dchild=1&qid=1593188327&s=apparel&sr=1-13416
B0874TRKH8,"KLFSJD Vestido Lunares Cuello En V Verano Temporada De Verano Gasa Vestido Color Sólido Bohemia Vestido De Playa Fiesta,Verde,XXXXL",KLFSJD,"34,44 €",-1,https://m.media-amazon.com/images/I/61cqrV2JJEL._AC_UL320_.jpg,"https://m.media-amazon.com/images/I/61cqrV2JJEL._AC_UL320_.jpg 1x, https://m.media-amazon.com/images/I/61cqrV2JJEL._AC_UL480_QL65_.jpg 1.5x, https://m.media-amazon.com/images/I/61cqrV2JJEL._AC_UL640_QL65_.jpg 2x, https://m.media-amazon.com/images/I/61cqrV2JJEL._AC_UL800_QL65_.jpg 2.5x, https://m.media-amazon.com/images/I/61cqrV2JJEL._AC_UL960_QL65_.jpg 3x",/KLFSJD-Vestido-Lunares-Temporada-Bohemia/dp/B0874TRKH8/ref=sr_1_13417?dchild=1&qid=1593188327&s=apparel&sr=1-13417
B0874TPJ61,"KLFSJD Vestido Lunares Cuello En V Mujeres Ropa de Verano para Mujer Moda Simple Vestido Retro Playa,Marrón,XXXL",KLFSJD,"34,44 €",-1,https://m.media-amazon.com/images/I/61XK84wOu+L._AC_UL320_.jpg,"https://m.media-amazon.com/images/I/61XK84wOu+L._AC_UL320_.jpg 1x, https://m.media-amazon.com/images/I/61XK84wOu+L._AC_UL480_QL65_.jpg 1.5x, https://m.media-amazon.com/images/I/61XK84wOu+L._AC_UL640_QL65_.jpg 2x, https://m.media-amazon.com/images/I/61XK84wOu+L._AC_UL800_QL65_.jpg 2.5x, https://m.media-amazon.com/images/I/61XK84wOu+L._AC_UL960_QL65_.jpg 3x",/KLFSJD-Vestido-Lunares-Cuello-Mujeres/dp/B0874TPJ61/ref=sr_1_13418?dchild=1&qid=1593188327&s=apparel&sr=1-13418
B0874TBMF2,"KLFSJD Vestido Lunares Cuello En V Mujeres Ropa de Verano para Mujer Moda Simple Vestido Retro Playa,Verde,S",KLFSJD,"34,44 €",-1,https://m.media-amazon.com/images/I/61A698GMORL._AC_UL320_.jpg,"https://m.media-amazon.com/images/I/61A698GMORL._AC_UL320_.jpg 1x, https://m.media-amazon.com/images/I/61A698GMORL._AC_UL480_QL65_.jpg 1.5x, https://m.media-amazon.com/images/I/61A698GMORL._AC_UL640_QL65_.jpg 2x, https://m.media-amazon.com/images/I/61A698GMORL._AC_UL800_QL65_.jpg 2.5x, https://m.media-amazon.com/images/I/61A698GMORL._AC_UL960_QL65_.jpg 3x",/KLFSJD-Vestido-Lunares-Cuello-Mujeres/dp/B0874TBMF2/ref=sr_1_13419?dchild=1&qid=1593188327&s=apparel&sr=1-13419
B0874T7CBS,"KLFSJD Vestido Lunares Cuello En V Mujeres Hoja De Loto De Verano Retro Elegante Lunares Moda Lunares Flojo Vestido De Playa Sexy Falda Corta,Negro,XXXL",KLFSJD,"34,44 €",-1,https://m.media-amazon.com/images/I/61gZUWht6JL._AC_UL320_.jpg,"https://m.media-amazon.com/images/I/61gZUWht6JL._AC_UL320_.jpg 1x, https://m.media-amazon.com/images/I/61gZUWht6JL._AC_UL480_QL65_.jpg 1.5x, https://m.media-amazon.com/images/I/61gZUWht6JL._AC_UL640_QL65_.jpg 2x, https://m.media-amazon.com/images/I/61gZUWht6JL._AC_UL800_QL65_.jpg 2.5x, https://m.media-amazon.com/images/I/61gZUWht6JL._AC_UL960_QL65_.jpg 3x",/KLFSJD-Vestido-Lunares-Mujeres-Elegante/dp/B0874T7CBS/ref=sr_1_13420?dchild=1&qid=1593188327&s=apparel&sr=1-13420
B0874T4FLF,"KLFSJD Vestido Lunares Cuello En V Verano Temporada De Verano Gasa Vestido Color Sólido Bohemia Vestido De Playa Fiesta,Amarillo,M",KLFSJD,"34,44 €",-1,https://m.media-amazon.com/images/I/61uAEm+Re0L._AC_UL320_.jpg,"https://m.media-amazon.com/images/I/61uAEm+Re0L._AC_UL320_.jpg 1x, https://m.media-amazon.com/images/I/61uAEm+Re0L._AC_UL480_QL65_.jpg 1.5x, https://m.media-amazon.com/images/I/61uAEm+Re0L._AC_UL640_QL65_.jpg 2x, https://m.media-amazon.com/images/I/61uAEm+Re0L._AC_UL800_QL65_.jpg 2.5x, https://m.media-amazon.com/images/I/61uAEm+Re0L._AC_UL960_QL65_.jpg 3x",/KLFSJD-Vestido-Lunares-Temporada-Amarillo/dp/B0874T4FLF/ref=sr_1_13421?dchild=1&qid=1593188327&s=apparel&sr=1-13421
B0874SW5T8,"KLFSJD Vestido Lunares Cuello En V Mujeres Ropa de Verano para Mujer Moda Simple Vestido Retro Playa,Marrón,M",KLFSJD,"34,44 €",-1,https://m.media-amazon.com/images/I/61XK84wOu+L._AC_UL320_.jpg,"https://m.media-amazon.com/images/I/61XK84wOu+L._AC_UL320_.jpg 1x, https://m.media-amazon.com/images/I/61XK84wOu+L._AC_UL480_QL65_.jpg 1.5x, https://m.media-amazon.com/images/I/61XK84wOu+L._AC_UL640_QL65_.jpg 2x, https://m.media-amazon.com/images/I/61XK84wOu+L._AC_UL800_QL65_.jpg 2.5x, https://m.media-amazon.com/images/I/61XK84wOu+L._AC_UL960_QL65_.jpg 3x",/KLFSJD-Vestido-Lunares-Cuello-Mujeres/dp/B0874SW5T8/ref=sr_1_13422?dchild=1&qid=1593188327&s=apparel&sr=1-13422
B0874SGWNG,Vestidos Maxi Vestido de Verano para Mujer Casual con Cuello en V Manga Corta con Estampado Degradado Vestido Maxi Vestido de Playa Suelto Dividido Vestidos Largos Boho,ORANDESIGNE,"7,32 €",-1,https://m.media-amazon.com/images/I/61E8r9RlRYL._AC_UL320_.jpg,"https://m.media-amazon.com/images/I/61E8r9RlRYL._AC_UL320_.jpg 1x, https://m.media-amazon.com/images/I/61E8r9RlRYL._AC_UL480_QL65_.jpg 1.5x, https://m.media-amazon.com/images/I/61E8r9RlRYL._AC_UL640_QL65_.jpg 2x, https://m.media-amazon.com/images/I/61E8r9RlRYL._AC_UL800_QL65_.jpg 2.5x, https://m.media-amazon.com/images/I/61E8r9RlRYL._AC_UL960_QL65_.jpg 3x",/ORANDESIGNE-Vestidos-Estampado-Degradado-Dividido/dp/B0874SGWNG/ref=sr_1_13423?dchild=1&qid=1593188327&s=apparel&sr=1-13423
B0874S8BFL,De las Mujeres Flojas Ocasionales túnica Suelta de Manga Corta cómodo Vestido Maxi,Gaodpz,"39,64 €",-1,https://m.media-amazon.com/images/I/51tJnpJ8LlL._AC_UL320_.jpg,"https://m.media-amazon.com/images/I/51tJnpJ8LlL._AC_UL320_.jpg 1x, https://m.media-amazon.com/images/I/51tJnpJ8LlL._AC_UL480_QL65_.jpg 1.5x, https://m.media-amazon.com/images/I/51tJnpJ8LlL._AC_UL640_QL65_.jpg 2x, https://m.media-amazon.com/images/I/51tJnpJ8LlL._AC_UL800_QL65_.jpg 2.5x, https://m.media-amazon.com/images/I/51tJnpJ8LlL._AC_UL960_QL65_.jpg 3x",/Gaodpz-Mujeres-Flojas-Ocasionales-Vestido/dp/B0874S8BFL/ref=sr_1_13424?dchild=1&qid=1593188327&s=apparel&sr=1-13424
B0874Q5JFT,Verano de Las Nuevas Mujeres con Cuello en V Bordado de Flores Rosadas Lunares Vestido Negro Falda de Playa Tela: (poliéster) Talla: L,NOBRAND,"29,18 €",-1,https://m.media-amazon.com/images/I/51rLaMoQTkL._AC_UL320_.jpg,"https://m.media-amazon.com/images/I/51rLaMoQTkL._AC_UL320_.jpg 1x, https://m.media-amazon.com/images/I/51rLaMoQTkL._AC_UL480_QL65_.jpg 1.5x, https://m.media-amazon.com/images/I/51rLaMoQTkL._AC_UL640_QL65_.jpg 2x, https://m.media-amazon.com/images/I/51rLaMoQTkL._AC_UL800_QL65_.jpg 2.5x, https://m.media-amazon.com/images/I/51rLaMoQTkL._AC_UL960_QL65_.jpg 3x",/Mujeres-Bordado-Rosadas-Lunares-Vestido/dp/B0874Q5JFT/ref=sr_1_13425?dchild=1&qid=1593188327&s=apparel&sr=1-13425
B0874Q56F7,"Tejido de Vestido Azul Plisado Redondo de Verano para Mujeres de Estilo Europeo y Americano, Tela de Vestido Azul Plisado: (poliéster) Talla: M",NOBRAND,"27,06 €",-1,https://m.media-amazon.com/images/I/61PuzhC1zDL._AC_UL320_.jpg,"https://m.media-amazon.com/images/I/61PuzhC1zDL._AC_UL320_.jpg 1x, https://m.media-amazon.com/images/I/61PuzhC1zDL._AC_UL480_QL65_.jpg 1.5x, https://m.media-amazon.com/images/I/61PuzhC1zDL._AC_UL640_QL65_.jpg 2x, https://m.media-amazon.com/images/I/61PuzhC1zDL._AC_UL800_QL65_.jpg 2.5x, https://m.media-amazon.com/images/I/61PuzhC1zDL._AC_UL960_QL65_.jpg 3x",/Vestido-Plisado-Redondo-Mujeres-Americano/dp/B0874Q56F7/ref=sr_1_13426?dchild=1&qid=1593188327&s=apparel&sr=1-13426
B0874Q4CB9,Falda de Malla de Moda Sexy con Cuello en V Vestido de Media Longitud Vestido sin Mangas Vestido Negro Composición : (Poliéster) Tamaño: 34,NOBRAND,"26,60 €",-1,https://m.media-amazon.com/images/I/6176iwgYJ+L._AC_UL320_.jpg,"https://m.media-amazon.com/images/I/6176iwgYJ+L._AC_UL320_.jpg 1x, https://m.media-amazon.com/images/I/6176iwgYJ+L._AC_UL480_QL65_.jpg 1.5x, https://m.media-amazon.com/images/I/6176iwgYJ+L._AC_UL640_QL65_.jpg 2x, https://m.media-amazon.com/images/I/6176iwgYJ+L._AC_UL800_QL65_.jpg 2.5x, https://m.media-amazon.com/images/I/6176iwgYJ+L._AC_UL960_QL65_.jpg 3x",/Cuello-Vestido-Longitud-Mangas-Composici%C3%B3n/dp/B0874Q4CB9/ref=sr_1_13427?dchild=1&qid=1593188327&s=apparel&sr=1-13427
B0874PY2QX,Casual S-4XL Manera de Las Mujeres Suelta de Manga Corta Camiseta súper Larga Vestido Suelto,Gaodpz,"34,91 €",-1,https://m.media-amazon.com/images/I/510FqeDTI0L._AC_UL320_.jpg,"https://m.media-amazon.com/images/I/510FqeDTI0L._AC_UL320_.jpg 1x, https://m.media-amazon.com/images/I/510FqeDTI0L._AC_UL480_QL65_.jpg 1.5x, https://m.media-amazon.com/images/I/510FqeDTI0L._AC_UL640_QL65_.jpg 2x, https://m.media-amazon.com/images/I/510FqeDTI0L._AC_UL800_QL65_.jpg 2.5x, https://m.media-amazon.com/images/I/510FqeDTI0L._AC_UL960_QL65_.jpg 3x",/Gaodpz-Casual-Mujeres-Camiseta-Vestido/dp/B0874PY2QX/ref=sr_1_13428?dchild=1&qid=1593188327&s=apparel&sr=1-13428
B0874PXDTJ,Verano Vacaciones tótem Impreso Vestido de Manga Larga Falda Caqui Femenina Tela: (poliéster) Talla: M,NOBRAND,"27,06 €",-1,https://m.media-amazon.com/images/I/61Swd0hUSbL._AC_UL320_.jpg,"https://m.media-amazon.com/images/I/61Swd0hUSbL._AC_UL320_.jpg 1x, https://m.media-amazon.com/images/I/61Swd0hUSbL._AC_UL480_QL65_.jpg 1.5x, https://m.media-amazon.com/images/I/61Swd0hUSbL._AC_UL640_QL65_.jpg 2x, https://m.media-amazon.com/images/I/61Swd0hUSbL._AC_UL800_QL65_.jpg 2.5x, https://m.media-amazon.com/images/I/61Swd0hUSbL._AC_UL960_QL65_.jpg 3x",/Verano-Vacaciones-Impreso-Vestido-Femenina/dp/B0874PXDTJ/ref=sr_1_13429?dchild=1&qid=1593188327&s=apparel&sr=1-13429
B0874PSK4Z,Vestido de Manga Corta con Estampado de Lavanda y Estampado Lavanda de Primavera para Mujer Nueva Tela: algodón Mezclado Tamaño: S,NOBRAND,"27,66 €",-1,https://m.media-amazon.com/images/I/61ydMHWGH9L._AC_UL320_.jpg,"https://m.media-amazon.com/images/I/61ydMHWGH9L._AC_UL320_.jpg 1x, https://m.media-amazon.com/images/I/61ydMHWGH9L._AC_UL480_QL65_.jpg 1.5x, https://m.media-amazon.com/images/I/61ydMHWGH9L._AC_UL640_QL65_.jpg 2x, https://m.media-amazon.com/images/I/61ydMHWGH9L._AC_UL800_QL65_.jpg 2.5x, https://m.media-amazon.com/images/I/61ydMHWGH9L._AC_UL960_QL65_.jpg 3x",/Vestido-Manga-Estampado-Lavanda-Primavera/dp/B0874PSK4Z/ref=sr_1_13430?dchild=1&qid=1593188327&s=apparel&sr=1-13430
B0874PQ39R,Verano Correa para el Pecho de Encaje Estampado Vestido Honda Dividida púrpura Tela : (poliéster) Talla : L,NOBRAND,"26,90 €",-1,https://m.media-amazon.com/images/I/51dryv9bhIL._AC_UL320_.jpg,"https://m.media-amazon.com/images/I/51dryv9bhIL._AC_UL320_.jpg 1x, https://m.media-amazon.com/images/I/51dryv9bhIL._AC_UL480_QL65_.jpg 1.5x, https://m.media-amazon.com/images/I/51dryv9bhIL._AC_UL640_QL65_.jpg 2x, https://m.media-amazon.com/images/I/51dryv9bhIL._AC_UL800_QL65_.jpg 2.5x, https://m.media-amazon.com/images/I/51dryv9bhIL._AC_UL960_QL65_.jpg 3x",/Verano-Estampado-Vestido-Dividida-p%C3%BArpura/dp/B0874PQ39R/ref=sr_1_13431?dchild=1&qid=1593188327&s=apparel&sr=1-13431
B0874PMH74,Vestido de Manga Larga con Estampado de tótem de Estilo Festivo Nuevo de Verano Falda Femenina Naranja Tela: (poliéster) Talla: S,NOBRAND,"27,06 €",-1,https://m.media-amazon.com/images/I/61UunE+vS2L._AC_UL320_.jpg,"https://m.media-amazon.com/images/I/61UunE+vS2L._AC_UL320_.jpg 1x, https://m.media-amazon.com/images/I/61UunE+vS2L._AC_UL480_QL65_.jpg 1.5x, https://m.media-amazon.com/images/I/61UunE+vS2L._AC_UL640_QL65_.jpg 2x, https://m.media-amazon.com/images/I/61UunE+vS2L._AC_UL800_QL65_.jpg 2.5x, https://m.media-amazon.com/images/I/61UunE+vS2L._AC_UL960_QL65_.jpg 3x",/Vestido-Estampado-Festivo-Femenina-Naranja/dp/B0874PMH74/ref=sr_1_13432?dchild=1&qid=1593188327&s=apparel&sr=1-13432
B0874PLQJ5,Vestido sin Mangas con Volantes y Escote en V Profundo y Sexy para Mujer Vestido sin Mangas Vestido Blanco Tela : (poliéster) Tamaño: 36,NOBRAND,"27,06 €",-1,https://m.media-amazon.com/images/I/51f5wVXmkmL._AC_UL320_.jpg,"https://m.media-amazon.com/images/I/51f5wVXmkmL._AC_UL320_.jpg 1x, https://m.media-amazon.com/images/I/51f5wVXmkmL._AC_UL480_QL65_.jpg 1.5x, https://m.media-amazon.com/images/I/51f5wVXmkmL._AC_UL640_QL65_.jpg 2x, https://m.media-amazon.com/images/I/51f5wVXmkmL._AC_UL800_QL65_.jpg 2.5x, https://m.media-amazon.com/images/I/51f5wVXmkmL._AC_UL960_QL65_.jpg 3x",/Vestido-Mangas-Volantes-Escote-Profundo/dp/B0874PLQJ5/ref=sr_1_13433?dchild=1&qid=1593188327&s=apparel&sr=1-13433
B0874PKT1S,Vestido de Honda Estampado con Volantes Nuevo de Verano para Mujer Tela de Falda Corta Azul: (Poliéster) Talla: S,NOBRAND,"27,06 €",-1,https://m.media-amazon.com/images/I/71rzPoDtyLL._AC_UL320_.jpg,"https://m.media-amazon.com/images/I/71rzPoDtyLL._AC_UL320_.jpg 1x, https://m.media-amazon.com/images/I/71rzPoDtyLL._AC_UL480_QL65_.jpg 1.5x, https://m.media-amazon.com/images/I/71rzPoDtyLL._AC_UL640_QL65_.jpg 2x, https://m.media-amazon.com/images/I/71rzPoDtyLL._AC_UL800_QL65_.jpg 2.5x, https://m.media-amazon.com/images/I/71rzPoDtyLL._AC_UL960_QL65_.jpg 3x",/Vestido-Honda-Estampado-Volantes-Verano/dp/B0874PKT1S/ref=sr_1_13434?dchild=1&qid=1593188327&s=apparel&sr=1-13434
B0874PKPNX,Tamaño de Vestido Negro de Malla de Bordado de Viento de Nueva Tendencia de Moda para Mujer: M,NOBRAND,"26,75 €",-1,https://m.media-amazon.com/images/I/51wcRGex1DL._AC_UL320_.jpg,"https://m.media-amazon.com/images/I/51wcRGex1DL._AC_UL320_.jpg 1x, https://m.media-amazon.com/images/I/51wcRGex1DL._AC_UL480_QL65_.jpg 1.5x, https://m.media-amazon.com/images/I/51wcRGex1DL._AC_UL640_QL65_.jpg 2x, https://m.media-amazon.com/images/I/51wcRGex1DL._AC_UL800_QL65_.jpg 2.5x, https://m.media-amazon.com/images/I/51wcRGex1DL._AC_UL960_QL65_.jpg 3x",/NOBRAND-Tama%C3%B1o-Vestido-Bordado-Tendencia/dp/B0874PKPNX/ref=sr_1_13435?dchild=1&qid=1593188327&s=apparel&sr=1-13435
B0874PJTF3,Vestido de Encaje Estampado con Cuello en V navideño para Mujer Vestido Amarillo Tela: (poliéster) Talla: M,NOBRAND,"26,75 €",-1,https://m.media-amazon.com/images/I/61sS862Yw-L._AC_UL320_.jpg,"https://m.media-amazon.com/images/I/61sS862Yw-L._AC_UL320_.jpg 1x, https://m.media-amazon.com/images/I/61sS862Yw-L._AC_UL480_QL65_.jpg 1.5x, https://m.media-amazon.com/images/I/61sS862Yw-L._AC_UL640_QL65_.jpg 2x, https://m.media-amazon.com/images/I/61sS862Yw-L._AC_UL800_QL65_.jpg 2.5x, https://m.media-amazon.com/images/I/61sS862Yw-L._AC_UL960_QL65_.jpg 3x",/NOBRAND-Vestido-Estampado-navide%C3%B1o-Amarillo/dp/B0874PJTF3/ref=sr_1_13436?dchild=1&qid=1593188327&s=apparel&sr=1-13436
B0874PJNFR,"Vestido de Verano de Estilo Europeo y Americano para Mujer, Cuello en V, Cintura elástica, Manga Corta, Vestido Rosa Tamaño: M Tejido: (Poliéster)",NOBRAND,"27,66 €",-1,https://m.media-amazon.com/images/I/61e82qk84vL._AC_UL320_.jpg,"https://m.media-amazon.com/images/I/61e82qk84vL._AC_UL320_.jpg 1x, https://m.media-amazon.com/images/I/61e82qk84vL._AC_UL480_QL65_.jpg 1.5x, https://m.media-amazon.com/images/I/61e82qk84vL._AC_UL640_QL65_.jpg 2x, https://m.media-amazon.com/images/I/61e82qk84vL._AC_UL800_QL65_.jpg 2.5x, https://m.media-amazon.com/images/I/61e82qk84vL._AC_UL960_QL65_.jpg 3x",/Vestido-Europeo-Americano-Cintura-el%C3%A1stica/dp/B0874PJNFR/ref=sr_1_13437?dchild=1&qid=1593188327&s=apparel&sr=1-13437
B0874PHQSW,Vestido de Tirantes de Encaje Blanco Sexy Europeo y Americano Costura de Hilo Neto Vestido de Discoteca Tela : (poliéster) Tamaño: 36,NOBRAND,"27,06 €",-1,https://m.media-amazon.com/images/I/51dIQK-wCmL._AC_UL320_.jpg,"https://m.media-amazon.com/images/I/51dIQK-wCmL._AC_UL320_.jpg 1x, https://m.media-amazon.com/images/I/51dIQK-wCmL._AC_UL480_QL65_.jpg 1.5x, https://m.media-amazon.com/images/I/51dIQK-wCmL._AC_UL640_QL65_.jpg 2x, https://m.media-amazon.com/images/I/51dIQK-wCmL._AC_UL800_QL65_.jpg 2.5x, https://m.media-amazon.com/images/I/51dIQK-wCmL._AC_UL960_QL65_.jpg 3x",/Vestido-Tirantes-Europeo-Americano-Discoteca/dp/B0874PHQSW/ref=sr_1_13438?dchild=1&qid=1593188327&s=apparel&sr=1-13438
B0874PHJV6,Manga Corta de Verano Floja Ocasional Vestido Irregular de Las Mujeres,Gaodpz,"42,69 €",-1,https://m.media-amazon.com/images/I/5120ay+JEEL._AC_UL320_.jpg,"https://m.media-amazon.com/images/I/5120ay+JEEL._AC_UL320_.jpg 1x, https://m.media-amazon.com/images/I/5120ay+JEEL._AC_UL480_QL65_.jpg 1.5x, https://m.media-amazon.com/images/I/5120ay+JEEL._AC_UL640_QL65_.jpg 2x, https://m.media-amazon.com/images/I/5120ay+JEEL._AC_UL800_QL65_.jpg 2.5x, https://m.media-amazon.com/images/I/5120ay+JEEL._AC_UL960_QL65_.jpg 3x",/Gaodpz-Ocasional-Vestido-Irregular-Mujeres/dp/B0874PHJV6/ref=sr_1_13439?dchild=1&qid=1593188327&s=apparel&sr=1-13439
B0874P73VH,Sexy Deep V Manga Larga Slim Pack Hip Lady Dress Vestido Ajustado Negro Vestido de Manga Larga Tejido Principal : (Poliéster) Tamaño: 34,NOBRAND,"27,06 €",-1,https://m.media-amazon.com/images/I/616raoMAZiL._AC_UL320_.jpg,"https://m.media-amazon.com/images/I/616raoMAZiL._AC_UL320_.jpg 1x, https://m.media-amazon.com/images/I/616raoMAZiL._AC_UL480_QL65_.jpg 1.5x, https://m.media-amazon.com/images/I/616raoMAZiL._AC_UL640_QL65_.jpg 2x, https://m.media-amazon.com/images/I/616raoMAZiL._AC_UL800_QL65_.jpg 2.5x, https://m.media-amazon.com/images/I/616raoMAZiL._AC_UL960_QL65_.jpg 3x",/Manga-Vestido-Ajustado-Tejido-Principal/dp/B0874P73VH/ref=sr_1_13440?dchild=1&qid=1593188327&s=apparel&sr=1-13440
B086X72YHK,"Mini Vestido con Cuello Halter, Estampado Floral, línea A, para Mujer",Floerns,"46,78 €","1,8 de 5 estrellas",https://m.media-amazon.com/images/I/81WUCqmIcaL._AC_UL320_.jpg,"https://m.media-amazon.com/images/I/81WUCqmIcaL._AC_UL320_.jpg 1x, https://m.media-amazon.com/images/I/81WUCqmIcaL._AC_UL480_QL65_.jpg 1.5x, https://m.media-amazon.com/images/I/81WUCqmIcaL._AC_UL640_QL65_.jpg 2x, https://m.media-amazon.com/images/I/81WUCqmIcaL._AC_UL800_QL65_.jpg 2.5x, https://m.media-amazon.com/images/I/81WUCqmIcaL._AC_UL960_QL65_.jpg 3x",/Floerns-vestido-cuello-halter-estampado/dp/B086X72YHK/ref=sr_1_13345?dchild=1&qid=1593188327&s=apparel&sr=1-13345
B086X6Y6DM,2020 Nuevo Vestido de Mujer Impreso en Europa y América Popular Vestido de Manga Corta con Cuello Redondo,NOBRAND,"14,83 €",-1,https://m.media-amazon.com/images/I/61J2p+sfF-L._AC_UL320_.jpg,"https://m.media-amazon.com/images/I/61J2p+sfF-L._AC_UL320_.jpg 1x, https://m.media-amazon.com/images/I/61J2p+sfF-L._AC_UL480_QL65_.jpg 1.5x, https://m.media-amazon.com/images/I/61J2p+sfF-L._AC_UL640_QL65_.jpg 2x, https://m.media-amazon.com/images/I/61J2p+sfF-L._AC_UL800_QL65_.jpg 2.5x, https://m.media-amazon.com/images/I/61J2p+sfF-L._AC_UL960_QL65_.jpg 3x",/Vestido-Impreso-Am%C3%A9rica-Popular-Redondo/dp/B086X6Y6DM/ref=sr_1_13346?dchild=1&qid=1593188327&s=apparel&sr=1-13346
B086X6XRGR,2020 Nuevas Mujeres Europeas y Americanas con Cuello en V Vestido de Noche de Lentejuelas Irregular Vestido de Manga Corta,NOBRAND,"13,97 €",-1,https://m.media-amazon.com/images/I/61yQwotvsaL._AC_UL320_.jpg,"https://m.media-amazon.com/images/I/61yQwotvsaL._AC_UL320_.jpg 1x, https://m.media-amazon.com/images/I/61yQwotvsaL._AC_UL480_QL65_.jpg 1.5x, https://m.media-amazon.com/images/I/61yQwotvsaL._AC_UL640_QL65_.jpg 2x, https://m.media-amazon.com/images/I/61yQwotvsaL._AC_UL800_QL65_.jpg 2.5x, https://m.media-amazon.com/images/I/61yQwotvsaL._AC_UL960_QL65_.jpg 3x",/Mujeres-Europeas-Americanas-Lentejuelas-Irregular/dp/B086X6XRGR/ref=sr_1_13347?dchild=1&qid=1593188327&s=apparel&sr=1-13347
B086X6GK5Q,Vestido Estampado con teñido Anudado con Cuello en V Irregular para Mujeres de Comercio Exterior Europeo y Europeo de 2020,NOBRAND,"13,97 €",-1,https://m.media-amazon.com/images/I/71jrubuhkJL._AC_UL320_.jpg,"https://m.media-amazon.com/images/I/71jrubuhkJL._AC_UL320_.jpg 1x, https://m.media-amazon.com/images/I/71jrubuhkJL._AC_UL480_QL65_.jpg 1.5x, https://m.media-amazon.com/images/I/71jrubuhkJL._AC_UL640_QL65_.jpg 2x, https://m.media-amazon.com/images/I/71jrubuhkJL._AC_UL800_QL65_.jpg 2.5x, https://m.media-amazon.com/images/I/71jrubuhkJL._AC_UL960_QL65_.jpg 3x",/NOBRAND-Estampado-Irregular-Comercio-Exterior/dp/B086X6GK5Q/ref=sr_1_13348?dchild=1&qid=1593188327&s=apparel&sr=1-13348
B086X4Z59Z,Vestido Midi con Volantes Cintura del Lazo Puntos Suizos Cuello V Vintage para Mujeres,Allegra K,"26,50 €",-1,https://m.media-amazon.com/images/I/710DJrC6S1L._AC_UL320_.jpg,"https://m.media-amazon.com/images/I/710DJrC6S1L._AC_UL320_.jpg 1x, https://m.media-amazon.com/images/I/710DJrC6S1L._AC_UL480_QL65_.jpg 1.5x, https://m.media-amazon.com/images/I/710DJrC6S1L._AC_UL640_QL65_.jpg 2x, https://m.media-amazon.com/images/I/710DJrC6S1L._AC_UL800_QL65_.jpg 2.5x, https://m.media-amazon.com/images/I/710DJrC6S1L._AC_UL960_QL65_.jpg 3x",/Allegra-Vestido-Volantes-Cintura-Vintage/dp/B086X4Z59Z/ref=sr_1_13349?dchild=1&qid=1593188327&s=apparel&sr=1-13349
B086X2BWGN,Gold Party Season Dress Vestido Informal para Mujer,Gianni Kavanagh,"60,12 €",-1,https://m.media-amazon.com/images/I/519QL0Pvn9L._AC_UL320_.jpg,"https://m.media-amazon.com/images/I/519QL0Pvn9L._AC_UL320_.jpg 1x, https://m.media-amazon.com/images/I/519QL0Pvn9L._AC_UL480_QL65_.jpg 1.5x, https://m.media-amazon.com/images/I/519QL0Pvn9L._AC_UL640_QL65_.jpg 2x, https://m.media-amazon.com/images/I/519QL0Pvn9L._AC_UL800_QL65_.jpg 2.5x, https://m.media-amazon.com/images/I/519QL0Pvn9L._AC_UL960_QL65_.jpg 3x",/Gianni-Kavanagh-Season-Vestido-Informal/dp/B086X2BWGN/ref=sr_1_13350?dchild=1&qid=1593188327&s=apparel&sr=1-13350
B086X1YWSB,Grey Gk Mechanic Logo Tube Dress Vestido Informal para Mujer,Gianni Kavanagh,"57,53 €",-1,https://m.media-amazon.com/images/I/61Er4xNUuvL._AC_UL320_.jpg,"https://m.media-amazon.com/images/I/61Er4xNUuvL._AC_UL320_.jpg 1x, https://m.media-amazon.com/images/I/61Er4xNUuvL._AC_UL480_QL65_.jpg 1.5x, https://m.media-amazon.com/images/I/61Er4xNUuvL._AC_UL640_QL65_.jpg 2x, https://m.media-amazon.com/images/I/61Er4xNUuvL._AC_UL800_QL65_.jpg 2.5x, https://m.media-amazon.com/images/I/61Er4xNUuvL._AC_UL960_QL65_.jpg 3x",/Gianni-Kavanagh-Mechanic-Vestido-Informal/dp/B086X1YWSB/ref=sr_1_13351?dchild=1&qid=1593188327&s=apparel&sr=1-13351
B086X1SJXW,Red Rock Explosion Dress Vestido Informal,Gianni Kavanagh,"43,97 €",-1,https://m.media-amazon.com/images/I/51PE4FRTnVL._AC_UL320_.jpg,"https://m.media-amazon.com/images/I/51PE4FRTnVL._AC_UL320_.jpg 1x, https://m.media-amazon.com/images/I/51PE4FRTnVL._AC_UL480_QL65_.jpg 1.5x, https://m.media-amazon.com/images/I/51PE4FRTnVL._AC_UL640_QL65_.jpg 2x, https://m.media-amazon.com/images/I/51PE4FRTnVL._AC_UL800_QL65_.jpg 2.5x, https://m.media-amazon.com/images/I/51PE4FRTnVL._AC_UL960_QL65_.jpg 3x",/Gianni-Kavanagh-Explosion-Vestido-Informal/dp/B086X1SJXW/ref=sr_1_13352?dchild=1&qid=1593188327&s=apparel&sr=1-13352
B086X13GCY,Jeans FA0312 T4190 Tribunales Mujer,Liu Jo,"148,55 €",-1,https://m.media-amazon.com/images/I/61oN7OFnmrL._AC_UL320_.jpg,"https://m.media-amazon.com/images/I/61oN7OFnmrL._AC_UL320_.jpg 1x, https://m.media-amazon.com/images/I/61oN7OFnmrL._AC_UL480_QL65_.jpg 1.5x, https://m.media-amazon.com/images/I/61oN7OFnmrL._AC_UL640_QL65_.jpg 2x, https://m.media-amazon.com/images/I/61oN7OFnmrL._AC_UL800_QL65_.jpg 2.5x, https://m.media-amazon.com/images/I/61oN7OFnmrL._AC_UL960_QL65_.jpg 3x",/Liu-Jo-FA0312-Cortos-Vainilla/dp/B086X13GCY/ref=sr_1_13353?dchild=1&qid=1593188327&s=apparel&sr=1-13353
B086WZ89Q2,Vestido Vestido de Verano para Mujer Vestido de Rayas Vestido Largo de Boho Señora sin Mangas Playa Vestido Largo de Verano Sundrss Ropa Sexy Femenina,SDCVRE,"33,50 €",-1,https://m.media-amazon.com/images/I/51ablqLuvZL._AC_UL320_.jpg,"https://m.media-amazon.com/images/I/51ablqLuvZL._AC_UL320_.jpg 1x, https://m.media-amazon.com/images/I/51ablqLuvZL._AC_UL480_QL65_.jpg 1.5x, https://m.media-amazon.com/images/I/51ablqLuvZL._AC_UL640_QL65_.jpg 2x, https://m.media-amazon.com/images/I/51ablqLuvZL._AC_UL800_QL65_.jpg 2.5x, https://m.media-amazon.com/images/I/51ablqLuvZL._AC_UL960_QL65_.jpg 3x",/SDCVRE-Vestido-Verano-Sundrss-Femenina/dp/B086WZ89Q2/ref=sr_1_13354?dchild=1&qid=1593188327&s=apparel&sr=1-13354
B086WXMQD6,Verano Otoño Ocio Casual Mujeres Vestido Floral Impreso Volantes Flojos Especial Estilo Plisado hasta La Rodilla Vestido Playa Vestido Camiseta Vestido Tops Blusa,BoBo-88,"12,62 €",-1,https://m.media-amazon.com/images/I/51nIBmocprL._AC_UL320_.jpg,"https://m.media-amazon.com/images/I/51nIBmocprL._AC_UL320_.jpg 1x, https://m.media-amazon.com/images/I/51nIBmocprL._AC_UL480_QL65_.jpg 1.5x, https://m.media-amazon.com/images/I/51nIBmocprL._AC_UL640_QL65_.jpg 2x, https://m.media-amazon.com/images/I/51nIBmocprL._AC_UL800_QL65_.jpg 2.5x, https://m.media-amazon.com/images/I/51nIBmocprL._AC_UL960_QL65_.jpg 3x",/Mujeres-Vestido-Volantes-Especial-Camiseta/dp/B086WXMQD6/ref=sr_1_13355?dchild=1&qid=1593188327&s=apparel&sr=1-13355
B086WW5TXL,Lw Julietta Maxi vestido,O'NEILL,"47,60 €",-1,https://m.media-amazon.com/images/I/712yhS5nLCL._AC_UL320_.jpg,"https://m.media-amazon.com/images/I/712yhS5nLCL._AC_UL320_.jpg 1x, https://m.media-amazon.com/images/I/712yhS5nLCL._AC_UL480_QL65_.jpg 1.5x, https://m.media-amazon.com/images/I/712yhS5nLCL._AC_UL640_QL65_.jpg 2x, https://m.media-amazon.com/images/I/712yhS5nLCL._AC_UL800_QL65_.jpg 2.5x, https://m.media-amazon.com/images/I/712yhS5nLCL._AC_UL960_QL65_.jpg 3x",/ONeill-Julietta-vestido-Blanco-Negro/dp/B086WW5TXL/ref=sr_1_13356?dchild=1&qid=1593188327&s=apparel&sr=1-13356
B086WVXH5X,Mujer Vestido Bohemio Corto Florales Verano Cuello En V Mini Vestido Casual Elegante Magas Largos Chic De Noche Playa Vacaciones Cintura Alta Expuesto De Nuevo Vestido,Yesgirl,"11,99 €",-1,https://m.media-amazon.com/images/I/71+KwYSyqcL._AC_UL320_.jpg,"https://m.media-amazon.com/images/I/71+KwYSyqcL._AC_UL320_.jpg 1x, https://m.media-amazon.com/images/I/71+KwYSyqcL._AC_UL480_QL65_.jpg 1.5x, https://m.media-amazon.com/images/I/71+KwYSyqcL._AC_UL640_QL65_.jpg 2x, https://m.media-amazon.com/images/I/71+KwYSyqcL._AC_UL800_QL65_.jpg 2.5x, https://m.media-amazon.com/images/I/71+KwYSyqcL._AC_UL960_QL65_.jpg 3x",/Yesgirl-Vestido-Verano-Cuello-Rosefloral/dp/B086WVXH5X/ref=sr_1_13357?dchild=1&qid=1593188327&s=apparel&sr=1-13357
B086WVTVK8,Vestido midi con hombros descubiertos y mangas con volantes y hombros descubiertos para mujer,PeaceCake,"17,71 €",-1,https://m.media-amazon.com/images/I/81NX2AdXMkL._AC_UL320_.jpg,"https://m.media-amazon.com/images/I/81NX2AdXMkL._AC_UL320_.jpg 1x, https://m.media-amazon.com/images/I/81NX2AdXMkL._AC_UL480_QL65_.jpg 1.5x, https://m.media-amazon.com/images/I/81NX2AdXMkL._AC_UL640_QL65_.jpg 2x, https://m.media-amazon.com/images/I/81NX2AdXMkL._AC_UL800_QL65_.jpg 2.5x, https://m.media-amazon.com/images/I/81NX2AdXMkL._AC_UL960_QL65_.jpg 3x",/PeaceCake-Vestido-hombros-descubiertos-volantes/dp/B086WVTVK8/ref=sr_1_13358?dchild=1&qid=1593188327&s=apparel&sr=1-13358
B086WVRZZG,"XUE-shelf Ocasional más el tamaño de Las Mujeres 2020 Maxi Vestido Amarillo Azul Abaya Primavera y Verano de Vacaciones Vacaciones Loose geométrica Cuello en V Bolsillo de impresión S M,Blanco,L",XUE-shelf,"19,79 €",-1,https://m.media-amazon.com/images/I/61KGuhQblML._AC_UL320_.jpg,"https://m.media-amazon.com/images/I/61KGuhQblML._AC_UL320_.jpg 1x, https://m.media-amazon.com/images/I/61KGuhQblML._AC_UL480_QL65_.jpg 1.5x, https://m.media-amazon.com/images/I/61KGuhQblML._AC_UL640_QL65_.jpg 2x, https://m.media-amazon.com/images/I/61KGuhQblML._AC_UL800_QL65_.jpg 2.5x, https://m.media-amazon.com/images/I/61KGuhQblML._AC_UL960_QL65_.jpg 3x",/XUE-shelf-Ocasional-Primavera-Vacaciones-geom%C3%A9trica/dp/B086WVRZZG/ref=sr_1_13359?dchild=1&qid=1593188327&s=apparel&sr=1-13359
B086WTNY6N,"Vestido de playa para mujer, estilo vintage, casual, con botones, sin espalda, a rayas, vestido de verano 2020, estilo bohemio y floral",UELNCFL,"20,01 €",-1,https://m.media-amazon.com/images/I/61Q+XyuzFoL._AC_UL320_.jpg,"https://m.media-amazon.com/images/I/61Q+XyuzFoL._AC_UL320_.jpg 1x, https://m.media-amazon.com/images/I/61Q+XyuzFoL._AC_UL480_QL65_.jpg 1.5x, https://m.media-amazon.com/images/I/61Q+XyuzFoL._AC_UL640_QL65_.jpg 2x, https://m.media-amazon.com/images/I/61Q+XyuzFoL._AC_UL800_QL65_.jpg 2.5x, https://m.media-amazon.com/images/I/61Q+XyuzFoL._AC_UL960_QL65_.jpg 3x",/UELNCFL-Vestido-vintage-botones-espalda/dp/B086WTNY6N/ref=sr_1_13360?dchild=1&qid=1593188327&s=apparel&sr=1-13360
B086WT5595,"Vestido coreano de manga larga para mujer, diseño de lunares, color negro",UELNCFL,"23,33 €",-1,https://m.media-amazon.com/images/I/716m9+KztoL._AC_UL320_.jpg,"https://m.media-amazon.com/images/I/716m9+KztoL._AC_UL320_.jpg 1x, https://m.media-amazon.com/images/I/716m9+KztoL._AC_UL480_QL65_.jpg 1.5x, https://m.media-amazon.com/images/I/716m9+KztoL._AC_UL640_QL65_.jpg 2x, https://m.media-amazon.com/images/I/716m9+KztoL._AC_UL800_QL65_.jpg 2.5x, https://m.media-amazon.com/images/I/716m9+KztoL._AC_UL960_QL65_.jpg 3x",/UELNCFL-Vestido-coreano-dise%C3%B1o-lunares/dp/B086WT5595/ref=sr_1_13361?dchild=1&qid=1593188327&s=apparel&sr=1-13361
B086WQRLT1,"Kaftan - Vestido largo de estilo oriental de poliéster con bubú africano para mujer, kaftán djellaba",Ethnique Mode,"13,18 €","5,0 de 5 estrellas",https://m.media-amazon.com/images/I/81w7U3ryQWL._AC_UL320_.jpg,"https://m.media-amazon.com/images/I/81w7U3ryQWL._AC_UL320_.jpg 1x, https://m.media-amazon.com/images/I/81w7U3ryQWL._AC_UL480_QL65_.jpg 1.5x, https://m.media-amazon.com/images/I/81w7U3ryQWL._AC_UL640_QL65_.jpg 2x, https://m.media-amazon.com/images/I/81w7U3ryQWL._AC_UL800_QL65_.jpg 2.5x, https://m.media-amazon.com/images/I/81w7U3ryQWL._AC_UL960_QL65_.jpg 3x",/Kaftan-oriental-poli%C3%A9ster-africano-djellaba/dp/B086WQRLT1/ref=sr_1_13362?dchild=1&qid=1593188327&s=apparel&sr=1-13362
B086WMT8BW,Motivi : Vestido camisero acampanado Beige 44 (Italian Size),Motivi,"98,90 €",-1,https://m.media-amazon.com/images/I/61vHRPDq5YL._AC_UL320_.jpg,"https://m.media-amazon.com/images/I/61vHRPDq5YL._AC_UL320_.jpg 1x, https://m.media-amazon.com/images/I/61vHRPDq5YL._AC_UL480_QL65_.jpg 1.5x, https://m.media-amazon.com/images/I/61vHRPDq5YL._AC_UL640_QL65_.jpg 2x, https://m.media-amazon.com/images/I/61vHRPDq5YL._AC_UL800_QL65_.jpg 2.5x, https://m.media-amazon.com/images/I/61vHRPDq5YL._AC_UL960_QL65_.jpg 3x",/Motivi-Vestido-camisero-acampanado-Italian/dp/B086WMT8BW/ref=sr_1_13363?dchild=1&qid=1593188327&s=apparel&sr=1-13363
B086WML298,Motivi : Vestido camisero acampanado Beige 42 (Italian Size),Motivi,"98,90 €",-1,https://m.media-amazon.com/images/I/61vHRPDq5YL._AC_UL320_.jpg,"https://m.media-amazon.com/images/I/61vHRPDq5YL._AC_UL320_.jpg 1x, https://m.media-amazon.com/images/I/61vHRPDq5YL._AC_UL480_QL65_.jpg 1.5x, https://m.media-amazon.com/images/I/61vHRPDq5YL._AC_UL640_QL65_.jpg 2x, https://m.media-amazon.com/images/I/61vHRPDq5YL._AC_UL800_QL65_.jpg 2.5x, https://m.media-amazon.com/images/I/61vHRPDq5YL._AC_UL960_QL65_.jpg 3x",/Motivi-Vestido-camisero-acampanado-Italian/dp/B086WML298/ref=sr_1_13364?dchild=1&qid=1593188327&s=apparel&sr=1-13364
B086WF5Y5H,"GONGMICF 2020 Verano Nuevo Talla Grande Vestido Casual Vestido Suelto Vestido Sin Mangas con Hombros Descubiertos, Cremallera, Elegante Vestido De Encaje Floral, Vestido Largo con Vuelo",GONGMICF,"55,99 €",-1,https://m.media-amazon.com/images/I/51uZsQGb6eL._AC_UL320_.jpg,"https://m.media-amazon.com/images/I/51uZsQGb6eL._AC_UL320_.jpg 1x, https://m.media-amazon.com/images/I/51uZsQGb6eL._AC_UL480_QL65_.jpg 1.5x, https://m.media-amazon.com/images/I/51uZsQGb6eL._AC_UL640_QL65_.jpg 2x, https://m.media-amazon.com/images/I/51uZsQGb6eL._AC_UL800_QL65_.jpg 2.5x, https://m.media-amazon.com/images/I/51uZsQGb6eL._AC_UL960_QL65_.jpg 3x",/GONGMICF-Vestido-Descubiertos-Cremallera-Elegante/dp/B086WF5Y5H/ref=sr_1_13365?dchild=1&qid=1593188327&s=apparel&sr=1-13365
B086WDJZNP,Vestido de Tirantes para Mujer Vestidos de Encaje sin Manga con Cuello en V Mini Vestido de Bowknot sin Espalda para Casual Cóctel Fiesta Playa,Loalirando,"15,99 €",-1,https://m.media-amazon.com/images/I/31LZtxS1FxL._AC_UL320_.jpg,"https://m.media-amazon.com/images/I/31LZtxS1FxL._AC_UL320_.jpg 1x, https://m.media-amazon.com/images/I/31LZtxS1FxL._AC_UL480_QL65_.jpg 1.5x, https://m.media-amazon.com/images/I/31LZtxS1FxL._AC_UL640_QL65_.jpg 2x, https://m.media-amazon.com/images/I/31LZtxS1FxL._AC_UL800_QL65_.jpg 2.5x, https://m.media-amazon.com/images/I/31LZtxS1FxL._AC_UL960_QL65_.jpg 3x",/Vestido-Tirantes-Vestidos-Bowknot-Espalda/dp/B086WDJZNP/ref=sr_1_13366?dchild=1&qid=1593188327&s=apparel&sr=1-13366
B086WB9715,Vestidos de Manga Corta para Mujer Suelto Casual Gradient Print Home Holiday T Shirt Beach Vestido de 3/4 de Longitud Tallas Grandes Vestidos de Verano con Cuello en V con Bolsillos,Hongxin,"9,98 €",-1,https://m.media-amazon.com/images/I/51hxud4F3HL._AC_UL320_.jpg,"https://m.media-amazon.com/images/I/51hxud4F3HL._AC_UL320_.jpg 1x, https://m.media-amazon.com/images/I/51hxud4F3HL._AC_UL480_QL65_.jpg 1.5x, https://m.media-amazon.com/images/I/51hxud4F3HL._AC_UL640_QL65_.jpg 2x, https://m.media-amazon.com/images/I/51hxud4F3HL._AC_UL800_QL65_.jpg 2.5x, https://m.media-amazon.com/images/I/51hxud4F3HL._AC_UL960_QL65_.jpg 3x",/Hongxin-Vestidos-Gradient-Longitud-Bolsillos/dp/B086WB9715/ref=sr_1_13367?dchild=1&qid=1593188327&s=apparel&sr=1-13367
B086W9BZLL,Vestidos de Manga Corta para Mujer Camiseta de Fiesta Informal con Estampado de Camuflaje Suelto Vestido Largo hasta la Rodilla de Playa Vestidos de Cuello Redondo de Verano de Talla Grande,Hongxin,"9,98 €",-1,https://m.media-amazon.com/images/I/61C9WoLEa-L._AC_UL320_.jpg,"https://m.media-amazon.com/images/I/61C9WoLEa-L._AC_UL320_.jpg 1x, https://m.media-amazon.com/images/I/61C9WoLEa-L._AC_UL480_QL65_.jpg 1.5x, https://m.media-amazon.com/images/I/61C9WoLEa-L._AC_UL640_QL65_.jpg 2x, https://m.media-amazon.com/images/I/61C9WoLEa-L._AC_UL800_QL65_.jpg 2.5x, https://m.media-amazon.com/images/I/61C9WoLEa-L._AC_UL960_QL65_.jpg 3x",/Hongxin-Vestidos-Camiseta-Estampado-Camuflaje/dp/B086W9BZLL/ref=sr_1_13368?dchild=1&qid=1593188327&s=apparel&sr=1-13368
B086W5G165,Vestido de Mujer con Tiras de Espagueti sin Mangas Mini Vestido de Skater Sexy Cuello en V Vestido Corto,AlvaQ,0€,-1,https://m.media-amazon.com/images/I/61YKHRfFb1L._AC_UL320_.jpg,"https://m.media-amazon.com/images/I/61YKHRfFb1L._AC_UL320_.jpg 1x, https://m.media-amazon.com/images/I/61YKHRfFb1L._AC_UL480_QL65_.jpg 1.5x, https://m.media-amazon.com/images/I/61YKHRfFb1L._AC_UL640_QL65_.jpg 2x, https://m.media-amazon.com/images/I/61YKHRfFb1L._AC_UL800_QL65_.jpg 2.5x, https://m.media-amazon.com/images/I/61YKHRfFb1L._AC_UL960_QL65_.jpg 3x",/AlvaQ-Vestido-Espagueti-Mangas-Skater/dp/B086W5G165/ref=sr_1_13369?dchild=1&qid=1593188327&s=apparel&sr=1-13369
B086W12CJV,"Kingwo - Vestido corto para mujer, sin mangas, con estampado floral",Kingwo_Dress,"8,83 €",-1,https://m.media-amazon.com/images/I/61dIkyKw8FL._AC_UL320_.jpg,"https://m.media-amazon.com/images/I/61dIkyKw8FL._AC_UL320_.jpg 1x, https://m.media-amazon.com/images/I/61dIkyKw8FL._AC_UL480_QL65_.jpg 1.5x, https://m.media-amazon.com/images/I/61dIkyKw8FL._AC_UL640_QL65_.jpg 2x, https://m.media-amazon.com/images/I/61dIkyKw8FL._AC_UL800_QL65_.jpg 2.5x, https://m.media-amazon.com/images/I/61dIkyKw8FL._AC_UL960_QL65_.jpg 3x",/Kingwo-Vestido-mangas-estampado-floral/dp/B086W12CJV/ref=sr_1_13370?dchild=1&qid=1593188327&s=apparel&sr=1-13370
B086VZJYG6,Onlrikka S/L Dress Jrs Vestido para Mujer,Only,"27,07 €",-1,https://m.media-amazon.com/images/I/71+-jj4OfeL._AC_UL320_.jpg,"https://m.media-amazon.com/images/I/71+-jj4OfeL._AC_UL320_.jpg 1x, https://m.media-amazon.com/images/I/71+-jj4OfeL._AC_UL480_QL65_.jpg 1.5x, https://m.media-amazon.com/images/I/71+-jj4OfeL._AC_UL640_QL65_.jpg 2x, https://m.media-amazon.com/images/I/71+-jj4OfeL._AC_UL800_QL65_.jpg 2.5x, https://m.media-amazon.com/images/I/71+-jj4OfeL._AC_UL960_QL65_.jpg 3x",/Only-ONLRIKKA-Dress-Vestido-Negro/dp/B086VZJYG6/ref=sr_1_13371?dchild=1&qid=1593188327&s=apparel&sr=1-13371
B086VZ7M5C,"Kingwo - Vestido corto con cuello en V profundo sin mangas con volantes en cascada, con tirantes, estampado de lunares y encaje, con volantes, vestido corto",Kingwo_Dress,"11,04 €",-1,https://m.media-amazon.com/images/I/71mbF5xHb+L._AC_UL320_.jpg,"https://m.media-amazon.com/images/I/71mbF5xHb+L._AC_UL320_.jpg 1x, https://m.media-amazon.com/images/I/71mbF5xHb+L._AC_UL480_QL65_.jpg 1.5x, https://m.media-amazon.com/images/I/71mbF5xHb+L._AC_UL640_QL65_.jpg 2x, https://m.media-amazon.com/images/I/71mbF5xHb+L._AC_UL800_QL65_.jpg 2.5x, https://m.media-amazon.com/images/I/71mbF5xHb+L._AC_UL960_QL65_.jpg 3x",/Kingwo-profundo-volantes-tirantes-estampado/dp/B086VZ7M5C/ref=sr_1_13372?dchild=1&qid=1593188327&s=apparel&sr=1-13372
B086VYSPYK,Onlnoma S/S Dress Jrs Vestido para Mujer,Only,"40,94 €",-1,https://m.media-amazon.com/images/I/619jE1Ji+5L._AC_UL320_.jpg,"https://m.media-amazon.com/images/I/619jE1Ji+5L._AC_UL320_.jpg 1x, https://m.media-amazon.com/images/I/619jE1Ji+5L._AC_UL480_QL65_.jpg 1.5x, https://m.media-amazon.com/images/I/619jE1Ji+5L._AC_UL640_QL65_.jpg 2x, https://m.media-amazon.com/images/I/619jE1Ji+5L._AC_UL800_QL65_.jpg 2.5x, https://m.media-amazon.com/images/I/619jE1Ji+5L._AC_UL960_QL65_.jpg 3x",/Only-ONLNOMA-Dress-Vestido-Negro/dp/B086VYSPYK/ref=sr_1_13373?dchild=1&qid=1593188327&s=apparel&sr=1-13373
B086VYMJN3,Mujer Casual Vestidos Bohemio Verano Playa Fiesta Floral Manga Corta Cuello en V Corto Camiseta Vestidos Chic Elegante Mini Vestidos,Onsoyours,"11,69 €",-1,https://m.media-amazon.com/images/I/61yN-8dD4VL._AC_UL320_.jpg,"https://m.media-amazon.com/images/I/61yN-8dD4VL._AC_UL320_.jpg 1x, https://m.media-amazon.com/images/I/61yN-8dD4VL._AC_UL480_QL65_.jpg 1.5x, https://m.media-amazon.com/images/I/61yN-8dD4VL._AC_UL640_QL65_.jpg 2x, https://m.media-amazon.com/images/I/61yN-8dD4VL._AC_UL800_QL65_.jpg 2.5x, https://m.media-amazon.com/images/I/61yN-8dD4VL._AC_UL960_QL65_.jpg 3x",/Onsoyours-Vestidos-Bohemio-Camiseta-Elegante/dp/B086VYMJN3/ref=sr_1_13374?dchild=1&qid=1593188327&s=apparel&sr=1-13374
B086VYGS7Z,Mujer Casual Vestido Manga Corta Verano Playa Camiseta Vestido Cuello en V Suelto Mini Vestidos,Onsoyours,"5,99 €",-1,https://m.media-amazon.com/images/I/61iamw1OmSL._AC_UL320_.jpg,"https://m.media-amazon.com/images/I/61iamw1OmSL._AC_UL320_.jpg 1x, https://m.media-amazon.com/images/I/61iamw1OmSL._AC_UL480_QL65_.jpg 1.5x, https://m.media-amazon.com/images/I/61iamw1OmSL._AC_UL640_QL65_.jpg 2x, https://m.media-amazon.com/images/I/61iamw1OmSL._AC_UL800_QL65_.jpg 2.5x, https://m.media-amazon.com/images/I/61iamw1OmSL._AC_UL960_QL65_.jpg 3x",/Onsoyours-Casual-Vestido-Camiseta-Vestidos/dp/B086VYGS7Z/ref=sr_1_13375?dchild=1&qid=1593188327&s=apparel&sr=1-13375
B086VYBL1S,Vestido De Mujer Estilo Vintage Sin Mangas Sin Mangas Punto Ropa de Fiesta Informal Impreso Cuello Redondo Fiesta En La Playa Vestido Largo con Cinturón,Saoye Fashion,"16,94 €",-1,https://m.media-amazon.com/images/I/61USL9702aL._AC_UL320_.jpg,"https://m.media-amazon.com/images/I/61USL9702aL._AC_UL320_.jpg 1x, https://m.media-amazon.com/images/I/61USL9702aL._AC_UL480_QL65_.jpg 1.5x, https://m.media-amazon.com/images/I/61USL9702aL._AC_UL640_QL65_.jpg 2x, https://m.media-amazon.com/images/I/61USL9702aL._AC_UL800_QL65_.jpg 2.5x, https://m.media-amazon.com/images/I/61USL9702aL._AC_UL960_QL65_.jpg 3x",/Vestido-Vintage-Informal-Impreso-Cintur%C3%B3n/dp/B086VYBL1S/ref=sr_1_13376?dchild=1&qid=1593188327&s=apparel&sr=1-13376
B086VXQK6B,"Godfai Vestido Dividido con Hombros Descubiertos En Color Liso para Mujer,Natural,M",Godfai,"30,99 €",-1,https://m.media-amazon.com/images/I/41Buwz4AabL._AC_UL320_.jpg,"https://m.media-amazon.com/images/I/41Buwz4AabL._AC_UL320_.jpg 1x, https://m.media-amazon.com/images/I/41Buwz4AabL._AC_UL480_QL65_.jpg 1.5x, https://m.media-amazon.com/images/I/41Buwz4AabL._AC_UL640_QL65_.jpg 2x, https://m.media-amazon.com/images/I/41Buwz4AabL._AC_UL800_QL65_.jpg 2.5x, https://m.media-amazon.com/images/I/41Buwz4AabL._AC_UL960_QL65_.jpg 3x",/Godfai-Vestido-Dividido-Hombros-Descubiertos/dp/B086VXQK6B/ref=sr_1_13377?dchild=1&qid=1593188327&s=apparel&sr=1-13377
B086VWC4BP,Camisa De Mujer Camisa A Cuadros De Manga Larga Camisa Ropa de Fiesta A Cuadros Camisa Vestido Vestido Blush Vestido De Rebeca Extragrande Vestido Camisa Vestido A Cuadros,Saoye Fashion,"12,65 €",-1,https://m.media-amazon.com/images/I/612BZgEnr3L._AC_UL320_.jpg,"https://m.media-amazon.com/images/I/612BZgEnr3L._AC_UL320_.jpg 1x, https://m.media-amazon.com/images/I/612BZgEnr3L._AC_UL480_QL65_.jpg 1.5x, https://m.media-amazon.com/images/I/612BZgEnr3L._AC_UL640_QL65_.jpg 2x, https://m.media-amazon.com/images/I/612BZgEnr3L._AC_UL800_QL65_.jpg 2.5x, https://m.media-amazon.com/images/I/612BZgEnr3L._AC_UL960_QL65_.jpg 3x",/Camisa-Cuadros-Fiesta-Vestido-Extragrande/dp/B086VWC4BP/ref=sr_1_13378?dchild=1&qid=1593188327&s=apparel&sr=1-13378
B086VVQGLT,Vestido para Mujer,Esprit,"67,68 €",-1,https://m.media-amazon.com/images/I/81NxgrjlX6L._AC_UL320_.jpg,"https://m.media-amazon.com/images/I/81NxgrjlX6L._AC_UL320_.jpg 1x, https://m.media-amazon.com/images/I/81NxgrjlX6L._AC_UL480_QL65_.jpg 1.5x, https://m.media-amazon.com/images/I/81NxgrjlX6L._AC_UL640_QL65_.jpg 2x, https://m.media-amazon.com/images/I/81NxgrjlX6L._AC_UL800_QL65_.jpg 2.5x, https://m.media-amazon.com/images/I/81NxgrjlX6L._AC_UL960_QL65_.jpg 3x",/Esprit-Vestido-050EE1E326-Wei%C3%9F-Mujer/dp/B086VVQGLT/ref=sr_1_13379?dchild=1&qid=1593188327&s=apparel&sr=1-13379
B086VVNHNK,"Vestido, 050EE1E343, Blau para Mujer",Esprit,"34,54 €",-1,https://m.media-amazon.com/images/I/71gJHUu3UcL._AC_UL320_.jpg,"https://m.media-amazon.com/images/I/71gJHUu3UcL._AC_UL320_.jpg 1x, https://m.media-amazon.com/images/I/71gJHUu3UcL._AC_UL480_QL65_.jpg 1.5x, https://m.media-amazon.com/images/I/71gJHUu3UcL._AC_UL640_QL65_.jpg 2x, https://m.media-amazon.com/images/I/71gJHUu3UcL._AC_UL800_QL65_.jpg 2.5x, https://m.media-amazon.com/images/I/71gJHUu3UcL._AC_UL960_QL65_.jpg 3x",/Esprit-Vestido-050EE1E343-Blau-Mujer/dp/B086VVNHNK/ref=sr_1_13380?dchild=1&qid=1593188327&s=apparel&sr=1-13380
B086VVNHGB,"050EE1E317 Vestido, 001/Black, L para Mujer",Esprit,"39,99 €",-1,https://m.media-amazon.com/images/I/71at0UJCP0L._AC_UL320_.jpg,"https://m.media-amazon.com/images/I/71at0UJCP0L._AC_UL320_.jpg 1x, https://m.media-amazon.com/images/I/71at0UJCP0L._AC_UL480_QL65_.jpg 1.5x, https://m.media-amazon.com/images/I/71at0UJCP0L._AC_UL640_QL65_.jpg 2x, https://m.media-amazon.com/images/I/71at0UJCP0L._AC_UL800_QL65_.jpg 2.5x, https://m.media-amazon.com/images/I/71at0UJCP0L._AC_UL960_QL65_.jpg 3x",/Esprit-050EE1E317-Vestido-Black-Mujer/dp/B086VVNHGB/ref=sr_1_13381?dchild=1&qid=1593188327&s=apparel&sr=1-13381
B086VVKX2L,"Vestido, 050EE1E344, Rot para Mujer",Esprit,"43,08 €",-1,https://m.media-amazon.com/images/I/81WVFYxgsTL._AC_UL320_.jpg,"https://m.media-amazon.com/images/I/81WVFYxgsTL._AC_UL320_.jpg 1x, https://m.media-amazon.com/images/I/81WVFYxgsTL._AC_UL480_QL65_.jpg 1.5x, https://m.media-amazon.com/images/I/81WVFYxgsTL._AC_UL640_QL65_.jpg 2x, https://m.media-amazon.com/images/I/81WVFYxgsTL._AC_UL800_QL65_.jpg 2.5x, https://m.media-amazon.com/images/I/81WVFYxgsTL._AC_UL960_QL65_.jpg 3x",/Esprit-Vestido-050EE1E344-para-Mujer/dp/B086VVKX2L/ref=sr_1_13382?dchild=1&qid=1593188327&s=apparel&sr=1-13382
B086VVKWV5,"Vestido, 050EE1E310, Weiß para Mujer",Esprit,"53,12 €",-1,https://m.media-amazon.com/images/I/610zT4HA+sL._AC_UL320_.jpg,"https://m.media-amazon.com/images/I/610zT4HA+sL._AC_UL320_.jpg 1x, https://m.media-amazon.com/images/I/610zT4HA+sL._AC_UL480_QL65_.jpg 1.5x, https://m.media-amazon.com/images/I/610zT4HA+sL._AC_UL640_QL65_.jpg 2x, https://m.media-amazon.com/images/I/610zT4HA+sL._AC_UL800_QL65_.jpg 2.5x, https://m.media-amazon.com/images/I/610zT4HA+sL._AC_UL960_QL65_.jpg 3x",/Esprit-Vestido-050EE1E310-Wei%C3%9F-Mujer/dp/B086VVKWV5/ref=sr_1_13383?dchild=1&qid=1593188327&s=apparel&sr=1-13383
B086VVKWQ4,Esprit Vestido para Mujer,edc by Esprit,"53,26 €",-1,https://m.media-amazon.com/images/I/71zmEd6fYSL._AC_UL320_.jpg,"https://m.media-amazon.com/images/I/71zmEd6fYSL._AC_UL320_.jpg 1x, https://m.media-amazon.com/images/I/71zmEd6fYSL._AC_UL480_QL65_.jpg 1.5x, https://m.media-amazon.com/images/I/71zmEd6fYSL._AC_UL640_QL65_.jpg 2x, https://m.media-amazon.com/images/I/71zmEd6fYSL._AC_UL800_QL65_.jpg 2.5x, https://m.media-amazon.com/images/I/71zmEd6fYSL._AC_UL960_QL65_.jpg 3x",/edc-Esprit-Vestido-050cc1e323-Mujer/dp/B086VVKWQ4/ref=sr_1_13384?dchild=1&qid=1593188327&s=apparel&sr=1-13384
B086VVKGLV,Esprit Vestido para Mujer,edc by Esprit,"42,63 €",-1,https://m.media-amazon.com/images/I/61tc4iqzU8L._AC_UL320_.jpg,"https://m.media-amazon.com/images/I/61tc4iqzU8L._AC_UL320_.jpg 1x, https://m.media-amazon.com/images/I/61tc4iqzU8L._AC_UL480_QL65_.jpg 1.5x, https://m.media-amazon.com/images/I/61tc4iqzU8L._AC_UL640_QL65_.jpg 2x, https://m.media-amazon.com/images/I/61tc4iqzU8L._AC_UL800_QL65_.jpg 2.5x, https://m.media-amazon.com/images/I/61tc4iqzU8L._AC_UL960_QL65_.jpg 3x",/edc-Esprit-Vestido-050CC1E330-Mujer/dp/B086VVKGLV/ref=sr_1_13385?dchild=1&qid=1593188327&s=apparel&sr=1-13385
B086VVKGL6,"Esprit Vestido, 050cc1e325, XXXL/46 para Mujer",edc by Esprit,"34,50 €",-1,https://m.media-amazon.com/images/I/61U7lTlV-RL._AC_UL320_.jpg,"https://m.media-amazon.com/images/I/61U7lTlV-RL._AC_UL320_.jpg 1x, https://m.media-amazon.com/images/I/61U7lTlV-RL._AC_UL480_QL65_.jpg 1.5x, https://m.media-amazon.com/images/I/61U7lTlV-RL._AC_UL640_QL65_.jpg 2x, https://m.media-amazon.com/images/I/61U7lTlV-RL._AC_UL800_QL65_.jpg 2.5x, https://m.media-amazon.com/images/I/61U7lTlV-RL._AC_UL960_QL65_.jpg 3x",/edc-Esprit-Vestido-050cc1e325-Mujer/dp/B086VVKGL6/ref=sr_1_13386?dchild=1&qid=1593188327&s=apparel&sr=1-13386
B086VVJGPV,"Vestido, 050EE1E346, Gelb para Mujer",Esprit,"43,08 €",-1,https://m.media-amazon.com/images/I/91h8942me4L._AC_UL320_.jpg,"https://m.media-amazon.com/images/I/91h8942me4L._AC_UL320_.jpg 1x, https://m.media-amazon.com/images/I/91h8942me4L._AC_UL480_QL65_.jpg 1.5x, https://m.media-amazon.com/images/I/91h8942me4L._AC_UL640_QL65_.jpg 2x, https://m.media-amazon.com/images/I/91h8942me4L._AC_UL800_QL65_.jpg 2.5x, https://m.media-amazon.com/images/I/91h8942me4L._AC_UL960_QL65_.jpg 3x",/Esprit-Vestido-050EE1E346-Gelb-Mujer/dp/B086VVJGPV/ref=sr_1_13387?dchild=1&qid=1593188327&s=apparel&sr=1-13387
B086VVJGPS,"Vestido, 050EE1E346, Gelb para Mujer",Esprit,"43,08 €",-1,https://m.media-amazon.com/images/I/71vRNAgYRLL._AC_UL320_.jpg,"https://m.media-amazon.com/images/I/71vRNAgYRLL._AC_UL320_.jpg 1x, https://m.media-amazon.com/images/I/71vRNAgYRLL._AC_UL480_QL65_.jpg 1.5x, https://m.media-amazon.com/images/I/71vRNAgYRLL._AC_UL640_QL65_.jpg 2x, https://m.media-amazon.com/images/I/71vRNAgYRLL._AC_UL800_QL65_.jpg 2.5x, https://m.media-amazon.com/images/I/71vRNAgYRLL._AC_UL960_QL65_.jpg 3x",/Esprit-Vestido-050EE1E346-Gelb-Mujer/dp/B086VVJGPS/ref=sr_1_13388?dchild=1&qid=1593188327&s=apparel&sr=1-13388
B086VVJGNQ,"Vestido, 050EE1E343, Rot para Mujer",Esprit,"34,54 €",-1,https://m.media-amazon.com/images/I/71TJk9NsGIL._AC_UL320_.jpg,"https://m.media-amazon.com/images/I/71TJk9NsGIL._AC_UL320_.jpg 1x, https://m.media-amazon.com/images/I/71TJk9NsGIL._AC_UL480_QL65_.jpg 1.5x, https://m.media-amazon.com/images/I/71TJk9NsGIL._AC_UL640_QL65_.jpg 2x, https://m.media-amazon.com/images/I/71TJk9NsGIL._AC_UL800_QL65_.jpg 2.5x, https://m.media-amazon.com/images/I/71TJk9NsGIL._AC_UL960_QL65_.jpg 3x",/Esprit-Vestido-050EE1E343-para-Mujer/dp/B086VVJGNQ/ref=sr_1_13389?dchild=1&qid=1593188327&s=apparel&sr=1-13389
B086VVHRK1,"Vestido, 050EE1E346, Blau para Mujer",Esprit,"43,08 €",-1,https://m.media-amazon.com/images/I/818KH0FcdQL._AC_UL320_.jpg,"https://m.media-amazon.com/images/I/818KH0FcdQL._AC_UL320_.jpg 1x, https://m.media-amazon.com/images/I/818KH0FcdQL._AC_UL480_QL65_.jpg 1.5x, https://m.media-amazon.com/images/I/818KH0FcdQL._AC_UL640_QL65_.jpg 2x, https://m.media-amazon.com/images/I/818KH0FcdQL._AC_UL800_QL65_.jpg 2.5x, https://m.media-amazon.com/images/I/818KH0FcdQL._AC_UL960_QL65_.jpg 3x",/Esprit-Vestido-050EE1E346-Blau-Mujer/dp/B086VVHRK1/ref=sr_1_13390?dchild=1&qid=1593188327&s=apparel&sr=1-13390
B086VVHRHY,"Vestido, 050ee1e343, XXXL/46 para Mujer",Esprit,"34,64 €",-1,https://m.media-amazon.com/images/I/71TJk9NsGIL._AC_UL320_.jpg,"https://m.media-amazon.com/images/I/71TJk9NsGIL._AC_UL320_.jpg 1x, https://m.media-amazon.com/images/I/71TJk9NsGIL._AC_UL480_QL65_.jpg 1.5x, https://m.media-amazon.com/images/I/71TJk9NsGIL._AC_UL640_QL65_.jpg 2x, https://m.media-amazon.com/images/I/71TJk9NsGIL._AC_UL800_QL65_.jpg 2.5x, https://m.media-amazon.com/images/I/71TJk9NsGIL._AC_UL960_QL65_.jpg 3x",/Esprit-Vestido-050ee1e343-XXXL-Mujer/dp/B086VVHRHY/ref=sr_1_13391?dchild=1&qid=1593188327&s=apparel&sr=1-13391
B086VTX7WT,"Vestido, 050EE1E346, Blau para Mujer",Esprit,"43,21 €",-1,https://m.media-amazon.com/images/I/917uDET7l8L._AC_UL320_.jpg,"https://m.media-amazon.com/images/I/917uDET7l8L._AC_UL320_.jpg 1x, https://m.media-amazon.com/images/I/917uDET7l8L._AC_UL480_QL65_.jpg 1.5x, https://m.media-amazon.com/images/I/917uDET7l8L._AC_UL640_QL65_.jpg 2x, https://m.media-amazon.com/images/I/917uDET7l8L._AC_UL800_QL65_.jpg 2.5x, https://m.media-amazon.com/images/I/917uDET7l8L._AC_UL960_QL65_.jpg 3x",/Esprit-Vestido-050EE1E346-Blau-Mujer/dp/B086VTX7WT/ref=sr_1_13392?dchild=1&qid=1593188327&s=apparel&sr=1-13392
